game_idx,p1_label,p2_label,winner,p1_reward_sum,p2_reward_sum,episode_length,timestamp
0,dqn,human,2,0.0000,1.1000,8,2026-05-31T01:22:04
1,human,dqn,1,1.1000,0.0000,9,2026-05-31T01:28:21
2,dqn,human,2,0.0000,1.1000,8,2026-05-31T01:28:24
3,human,dqn,1,1.1000,0.0000,7,2026-05-31T01:28:27
4,dqn,human,2,0.0000,1.1000,10,2026-05-31T01:28:35
5,human,dqn,1,1.1000,0.0000,7,2026-05-31T01:28:38
6,dqn,human,2,0.0000,1.1000,8,2026-05-31T01:28:42
7,human,dqn,1,1.1000,0.0000,9,2026-05-31T01:28:46
8,dqn,human,2,0.0000,1.1000,8,2026-05-31T01:28:49
9,human,dqn,1,1.1000,0.0000,7,2026-05-31T01:28:53
10,dqn,human,2,0.0000,1.1000,8,2026-05-31T01:28:55
11,human,dqn,1,1.1000,0.0000,9,2026-05-31T01:28:59
12,dqn,human,2,0.0000,1.1000,8,2026-05-31T01:29:02
13,human,dqn,1,1.1000,0.0000,7,2026-05-31T01:29:05
14,dqn,human,2,0.0000,1.1000,8,2026-05-31T01:29:08
15,human,dqn,1,1.1000,0.0000,7,2026-05-31T01:29:11
16,dqn,human,2,0.0000,1.1000,8,2026-05-31T01:29:14
17,human,dqn,1,1.1000,0.0000,9,2026-05-31T01:29:18
18,dqn,human,2,0.0000,1.1000,8,2026-05-31T01:29:21
19,human,dqn,1,1.1000,0.0000,7,2026-05-31T01:29:23
20,dqn,human,2,0.0000,1.1000,8,2026-05-31T01:29:26
21,human,dqn,1,1.1000,0.0000,7,2026-05-31T01:29:29
22,dqn,human,2,0.0000,1.1000,8,2026-05-31T01:29:32
23,human,dqn,1,1.1000,0.0000,7,2026-05-31T01:29:34
24,dqn,human,2,0.0000,1.1000,8,2026-05-31T01:29:36
25,human,dqn,1,1.1000,0.0000,7,2026-05-31T01:29:39
26,dqn,human,2,0.0000,1.1000,8,2026-05-31T01:29:42
27,human,dqn,1,1.1000,0.0000,7,2026-05-31T01:29:45
28,dqn,human,2,0.0000,1.1000,10,2026-05-31T01:29:50
29,human,dqn,1,1.1000,0.0000,7,2026-05-31T01:29:54
30,dqn,human,2,0.0000,1.1000,8,2026-05-31T01:29:58
31,human,dqn,1,1.1000,0.0000,7,2026-05-31T01:30:02
32,dqn,human,2,0.0000,1.1000,8,2026-05-31T01:30:07
33,human,dqn,1,1.1000,0.0000,9,2026-05-31T01:38:09
34,dqn,human,2,0.0000,1.1000,8,2026-05-31T01:38:13
35,human,dqn,1,1.1000,0.0000,7,2026-05-31T01:38:19
36,dqn,human,2,0.0000,1.1000,8,2026-05-31T01:38:24
37,human,dqn,1,1.1000,0.0000,7,2026-05-31T01:38:28
38,dqn,human,2,0.0000,1.1000,8,2026-05-31T01:38:32
39,human,dqn,1,1.1000,0.0000,7,2026-05-31T01:38:36
40,dqn,human,2,0.0000,1.1000,8,2026-05-31T01:38:41
41,human,dqn,1,1.1000,0.0000,7,2026-05-31T01:38:45
42,dqn,human,2,0.0000,1.1000,10,2026-05-31T01:39:15
43,human,dqn,1,1.1000,0.0000,7,2026-05-31T02:10:40
44,dqn,human,2,0.0000,1.1000,8,2026-05-31T02:50:43
45,human,dqn,1,1.1000,0.0000,7,2026-05-31T03:30:45
46,dqn,human,2,0.0000,1.1000,8,2026-05-31T04:10:47
47,human,dqn,1,1.1000,0.0000,7,2026-05-31T04:50:49
48,dqn,human,2,0.0000,1.1000,8,2026-05-31T05:30:51
49,human,dqn,1,1.1000,0.0000,7,2026-05-31T06:08:18
50,dqn,human,2,0.0000,1.1000,8,2026-05-31T06:08:25
51,human,dqn,1,1.1000,0.0000,7,2026-05-31T06:08:32
52,dqn,human,2,0.0000,1.1000,8,2026-05-31T06:08:38
53,human,dqn,1,1.1000,0.0000,7,2026-05-31T06:08:43
54,dqn,human,2,0.0000,1.1000,8,2026-05-31T06:08:50
55,human,dqn,1,1.1000,0.0000,7,2026-05-31T06:08:56
56,dqn,human,2,0.0000,1.1000,8,2026-05-31T06:09:01
57,human,dqn,1,1.1000,0.0000,7,2026-05-31T06:09:07
58,dqn,human,2,0.0000,1.1000,8,2026-05-31T06:09:13
59,human,dqn,1,1.1000,0.0000,7,2026-05-31T06:09:19
60,dqn,human,2,0.0000,1.1000,8,2026-05-31T06:09:26
61,human,dqn,1,1.1000,0.0000,7,2026-05-31T06:09:33
62,dqn,human,2,0.0000,1.1000,8,2026-05-31T06:09:42
63,human,dqn,1,1.1000,0.0000,7,2026-05-31T06:09:48
64,dqn,human,2,0.0000,1.1000,8,2026-05-31T06:09:54
65,human,dqn,1,1.1000,0.0000,7,2026-05-31T06:10:00
66,dqn,human,2,0.0000,1.1000,8,2026-05-31T06:10:06
67,human,dqn,1,1.1000,0.0000,7,2026-05-31T06:10:12
68,dqn,human,2,0.0000,1.1000,8,2026-05-31T06:10:26
69,human,dqn,1,1.1000,0.0000,7,2026-05-31T06:10:32
70,dqn,human,2,0.0000,1.1000,8,2026-05-31T06:10:37
71,human,dqn,1,1.1000,0.0000,7,2026-05-31T06:10:43
72,dqn,human,2,0.0000,1.1000,8,2026-05-31T06:10:48
73,human,dqn,1,1.1000,0.0000,7,2026-05-31T06:10:54
74,dqn,human,2,0.1000,1.1000,8,2026-05-31T06:11:00
75,human,dqn,1,1.1000,0.0000,7,2026-05-31T06:11:05
76,dqn,human,2,0.0000,1.0000,8,2026-05-31T06:11:11
77,human,dqn,1,1.1000,0.0000,7,2026-05-31T06:11:16
78,dqn,human,2,0.0000,1.1000,8,2026-05-31T06:11:22
79,human,dqn,1,1.1000,0.0000,7,2026-05-31T06:11:28
80,dqn,human,2,0.0000,1.1000,8,2026-05-31T06:11:33
81,human,dqn,1,1.1000,0.0000,7,2026-05-31T06:11:38
82,dqn,human,2,0.0000,1.1000,8,2026-05-31T06:11:47
83,human,dqn,1,1.1000,0.0000,7,2026-05-31T06:11:53
84,dqn,human,2,0.0000,1.1000,8,2026-05-31T06:12:00
85,human,dqn,1,1.1000,0.0000,7,2026-05-31T06:12:06
86,dqn,human,2,0.0000,1.1000,8,2026-05-31T06:12:11
87,human,dqn,1,1.1000,0.0000,7,2026-05-31T06:12:18
88,dqn,human,2,0.0000,1.1000,8,2026-05-31T06:12:27
89,human,dqn,1,1.1000,0.0000,7,2026-05-31T06:12:35
90,dqn,human,2,0.0000,1.1000,8,2026-05-31T06:12:43
91,human,dqn,1,1.1000,0.0000,7,2026-05-31T06:12:48
92,dqn,human,2,0.0000,1.1000,8,2026-05-31T06:12:54
93,human,dqn,1,1.1000,0.0000,7,2026-05-31T06:12:59
94,dqn,human,2,0.0000,1.1000,8,2026-05-31T06:13:07
95,human,dqn,1,1.1000,0.0000,7,2026-05-31T06:13:12
96,dqn,human,2,0.0000,1.1000,8,2026-05-31T06:13:22
97,human,dqn,1,1.1000,0.0000,7,2026-05-31T06:13:27
98,dqn,human,2,0.0000,1.1000,8,2026-05-31T06:13:33
99,human,dqn,1,1.1000,0.0000,7,2026-05-31T06:13:39
100,dqn,human,2,0.0000,1.1000,8,2026-05-31T06:13:45
101,human,dqn,1,1.1000,0.0000,7,2026-05-31T06:20:30
102,dqn,human,2,0.0000,1.1000,8,2026-05-31T06:20:36
103,human,dqn,1,1.1000,0.0000,7,2026-05-31T06:20:41
104,dqn,human,2,0.0000,1.1000,8,2026-05-31T06:29:00
105,human,dqn,1,1.1000,0.0000,7,2026-05-31T06:29:06
106,dqn,human,2,0.0000,1.1000,8,2026-05-31T06:29:12
107,human,dqn,1,1.1000,0.0000,7,2026-05-31T06:29:17
108,dqn,human,2,0.0000,1.1000,8,2026-05-31T06:29:24
109,human,dqn,1,1.1000,0.0000,7,2026-05-31T06:29:29
110,dqn,human,2,0.0000,1.1000,12,2026-05-31T06:29:40
111,human,dqn,1,1.1000,0.0000,7,2026-05-31T06:29:44
112,dqn,human,2,0.0000,1.1000,8,2026-05-31T06:29:50
113,human,dqn,1,1.1000,0.0000,13,2026-05-31T06:30:00
114,dqn,human,2,0.0000,1.1000,8,2026-05-31T06:30:05
115,human,dqn,1,1.1000,0.0000,7,2026-05-31T06:30:10
116,dqn,human,2,0.0000,1.1000,8,2026-05-31T06:30:15
117,human,dqn,1,1.1000,0.0000,7,2026-05-31T06:30:20
118,dqn,human,2,0.0000,1.1000,8,2026-05-31T06:30:26
119,human,dqn,1,1.1000,0.0000,7,2026-05-31T06:30:31
120,dqn,human,2,0.0000,1.1000,8,2026-05-31T06:30:36
121,human,dqn,1,1.1000,0.0000,7,2026-05-31T06:30:41
122,dqn,human,2,0.0000,1.1000,8,2026-05-31T06:30:45
123,human,dqn,1,1.1000,0.0000,7,2026-05-31T06:30:50
124,dqn,human,2,0.1000,1.1000,14,2026-05-31T06:31:01
125,human,dqn,1,1.1000,0.0000,7,2026-05-31T06:31:07
126,dqn,human,2,0.0000,1.1000,8,2026-05-31T06:31:12
127,human,dqn,1,1.1000,0.0000,7,2026-05-31T06:31:17
128,dqn,human,2,0.0000,1.1000,8,2026-05-31T06:31:22
129,human,dqn,1,1.1000,0.0000,7,2026-05-31T06:31:28
130,dqn,human,2,0.0000,1.1000,8,2026-05-31T06:31:33
131,human,dqn,1,1.1000,0.0000,9,2026-05-31T06:31:41
132,dqn,human,2,0.0000,1.1000,8,2026-05-31T06:31:46
133,human,dqn,1,1.1000,0.0000,7,2026-05-31T06:31:52
134,dqn,human,2,0.0000,1.3000,20,2026-05-31T06:32:07
135,human,dqn,1,1.1000,0.0000,7,2026-05-31T06:32:12
136,dqn,human,2,0.0000,1.1000,8,2026-05-31T06:32:17
137,human,dqn,1,1.1000,0.0000,7,2026-05-31T06:32:25
138,dqn,human,2,0.0000,1.1000,8,2026-05-31T06:32:29
139,human,dqn,1,1.1000,0.0000,7,2026-05-31T06:32:35
140,dqn,human,2,0.0000,1.1000,12,2026-05-31T06:32:49
141,human,dqn,1,1.1000,0.0000,7,2026-05-31T06:32:57
142,dqn,human,2,0.0000,1.1000,12,2026-05-31T06:33:06
143,human,dqn,1,1.1000,0.0000,7,2026-05-31T06:33:11
144,dqn,human,2,0.0000,1.1000,8,2026-05-31T06:33:17
145,human,dqn,1,1.1000,0.0000,7,2026-05-31T06:33:22
146,dqn,human,2,0.0000,1.1000,10,2026-05-31T06:33:29
147,human,dqn,1,1.1000,0.0000,11,2026-05-31T06:33:38
148,dqn,human,2,0.0000,1.1000,8,2026-05-31T06:33:44
149,human,dqn,1,1.1000,0.0000,7,2026-05-31T06:33:51
150,dqn,human,2,0.0000,1.1000,8,2026-05-31T06:33:57
151,human,dqn,1,1.1000,0.0000,7,2026-05-31T06:34:01
152,dqn,human,2,0.0000,1.1000,8,2026-05-31T06:34:08
153,human,dqn,1,1.1000,0.0000,7,2026-05-31T07:14:10
154,dqn,human,2,0.0000,1.1000,10,2026-05-31T07:30:01
155,human,dqn,1,1.1000,0.0000,13,2026-05-31T07:30:10
156,dqn,human,2,0.0000,1.1000,14,2026-05-31T07:30:17
157,human,dqn,1,1.1000,0.0000,7,2026-05-31T07:30:23
158,dqn,human,2,0.0000,1.1000,8,2026-05-31T07:30:28
159,human,dqn,1,1.1000,0.0000,7,2026-05-31T07:30:35
160,dqn,human,2,0.0000,1.1000,8,2026-05-31T07:30:44
161,human,dqn,1,1.1000,0.0000,7,2026-05-31T07:30:49
162,dqn,human,2,0.1000,1.1000,8,2026-05-31T07:30:55
163,human,dqn,1,1.1000,0.0000,7,2026-05-31T07:31:00
164,dqn,human,2,0.0000,1.1000,10,2026-05-31T07:31:07
165,human,dqn,1,1.1000,0.0000,7,2026-05-31T07:31:13
166,dqn,human,2,0.0000,1.1000,8,2026-05-31T07:31:19
167,human,dqn,1,1.1000,0.0000,7,2026-05-31T07:31:24
168,dqn,human,2,0.0000,1.1000,8,2026-05-31T07:31:30
169,human,dqn,1,1.0000,0.0000,7,2026-05-31T07:31:36
170,dqn,human,2,0.0000,1.1000,14,2026-05-31T07:31:46
171,human,dqn,1,1.1000,0.0000,9,2026-05-31T07:31:54
172,dqn,human,2,0.0000,1.1000,8,2026-05-31T07:32:00
173,human,dqn,1,1.1000,0.0000,7,2026-05-31T07:32:05
174,dqn,human,2,0.0000,1.1000,10,2026-05-31T07:32:16
175,human,dqn,1,1.1000,0.0000,7,2026-05-31T07:32:23
176,dqn,human,2,0.0000,1.1000,8,2026-05-31T07:32:28
177,human,dqn,1,1.1000,0.0000,11,2026-05-31T07:32:39
178,dqn,human,2,0.0000,1.1000,10,2026-05-31T07:32:47
179,human,dqn,1,1.1000,0.1000,13,2026-05-31T07:32:58
180,dqn,human,2,0.0000,1.1000,8,2026-05-31T07:33:09
181,human,dqn,1,1.0000,0.0000,7,2026-05-31T07:33:17
182,dqn,human,2,0.0000,1.2000,18,2026-05-31T07:33:29
183,human,dqn,1,1.1000,0.0000,7,2026-05-31T07:33:40
184,dqn,human,2,0.0000,1.1000,8,2026-05-31T07:33:47
185,human,dqn,1,1.1000,0.0000,13,2026-05-31T07:34:01
186,dqn,human,2,0.0000,1.1000,8,2026-05-31T07:34:10
187,human,dqn,1,1.1000,0.0000,7,2026-05-31T07:34:16
188,dqn,human,2,0.0000,1.1000,10,2026-05-31T07:34:25
189,human,dqn,1,1.1000,0.0000,7,2026-05-31T07:34:31
190,dqn,human,2,0.0000,1.1000,8,2026-05-31T07:34:36
191,human,dqn,1,1.1000,0.0000,7,2026-05-31T07:34:42
192,dqn,human,2,0.0000,1.1000,10,2026-05-31T07:34:49
193,human,dqn,1,1.1000,0.0000,9,2026-05-31T07:35:00
194,dqn,human,2,0.0000,1.1000,8,2026-05-31T07:35:06
195,human,dqn,1,1.1000,0.0000,7,2026-05-31T07:35:13
196,dqn,human,2,0.0000,1.1000,8,2026-05-31T07:35:26
197,human,dqn,1,1.1000,0.0000,7,2026-05-31T07:35:35
198,dqn,human,2,0.0000,1.1000,10,2026-05-31T07:35:43
199,human,dqn,1,1.1000,0.0000,7,2026-05-31T07:35:50
200,dqn,human,2,0.0000,1.1000,8,2026-05-31T07:35:57
201,human,dqn,1,1.1000,0.0000,7,2026-05-31T08:25:27
202,dqn,human,2,0.0000,1.1000,8,2026-05-31T09:05:31
203,human,dqn,1,1.2000,0.0000,13,2026-05-31T09:39:07
204,dqn,human,2,0.0000,1.1000,8,2026-05-31T09:39:28
205,human,dqn,1,1.1000,0.0000,7,2026-05-31T09:39:34
206,dqn,human,2,0.0000,1.1000,8,2026-05-31T09:39:40
207,human,dqn,1,1.1000,0.0000,7,2026-05-31T09:39:46
208,dqn,human,2,0.0000,1.0000,8,2026-05-31T09:39:52
209,human,dqn,1,1.0000,0.0000,7,2026-05-31T09:39:57
210,dqn,human,2,0.0000,1.1000,12,2026-05-31T09:40:08
211,human,dqn,1,1.1000,0.0000,7,2026-05-31T09:42:59
212,dqn,human,2,0.0000,1.1000,8,2026-05-31T10:23:01
213,human,dqn,1,1.2000,0.0000,13,2026-05-31T10:54:15
214,dqn,human,2,0.0000,1.0000,16,2026-05-31T10:54:34
215,human,dqn,1,1.1000,0.0000,7,2026-05-31T10:54:40
216,dqn,human,2,0.0000,1.1000,8,2026-05-31T10:54:46
217,human,dqn,1,1.1000,0.0000,7,2026-05-31T10:54:51
218,dqn,human,2,0.0000,1.1000,8,2026-05-31T10:54:57
219,human,dqn,1,1.1000,0.0000,7,2026-05-31T10:55:03
220,dqn,human,2,0.0000,1.1000,8,2026-05-31T10:55:08
221,human,dqn,1,1.1000,0.0000,7,2026-05-31T10:55:15
222,dqn,human,2,0.0000,1.1000,8,2026-05-31T10:55:21
223,human,dqn,1,1.1000,0.0000,7,2026-05-31T10:55:26
224,dqn,human,2,0.0000,1.1000,8,2026-05-31T10:55:47
225,human,dqn,1,1.1000,0.0000,7,2026-05-31T10:55:52
226,dqn,human,2,0.2000,1.2000,20,2026-05-31T10:56:11
227,human,dqn,1,1.1000,0.0000,7,2026-05-31T10:56:17
228,dqn,human,2,0.0000,1.1000,14,2026-05-31T10:56:31
229,human,dqn,1,1.1000,0.0000,7,2026-05-31T10:56:36
230,dqn,human,2,0.0000,1.1000,8,2026-05-31T10:56:43
231,human,dqn,1,1.1000,0.0000,7,2026-05-31T10:56:47
232,dqn,human,2,0.0000,1.1000,8,2026-05-31T10:56:52
233,human,dqn,1,1.1000,0.0000,7,2026-05-31T10:56:58
234,dqn,human,2,0.0000,1.1000,8,2026-05-31T10:57:02
235,human,dqn,1,1.1000,0.0000,7,2026-05-31T10:57:07
236,dqn,human,2,0.0000,1.1000,10,2026-05-31T11:19:30
237,human,dqn,1,1.1000,0.0000,7,2026-05-31T11:19:38
238,dqn,human,2,0.0000,1.1000,8,2026-05-31T11:59:41
239,human,dqn,1,1.1000,0.0000,7,2026-05-31T12:39:43
240,dqn,human,2,0.0000,1.1000,8,2026-05-31T13:19:45
241,human,dqn,1,1.1000,0.0000,7,2026-05-31T13:59:48
242,dqn,human,2,0.0000,1.1000,8,2026-05-31T14:39:50
243,human,dqn,1,1.1000,0.0000,7,2026-05-31T15:19:52
244,dqn,human,2,0.0000,1.1000,8,2026-05-31T15:59:53
245,human,dqn,1,1.1000,0.0000,7,2026-05-31T16:39:55
246,dqn,human,2,0.0000,1.1000,8,2026-05-31T17:19:59
247,human,dqn,1,1.1000,0.0000,7,2026-05-31T18:00:01
248,dqn,human,2,0.0000,1.1000,8,2026-05-31T18:40:03
249,human,dqn,1,1.1000,0.0000,7,2026-05-31T19:20:05
250,dqn,human,2,0.0000,1.1000,10,2026-05-31T19:39:08
251,human,dqn,1,1.1000,0.0000,7,2026-05-31T19:39:13
252,dqn,human,2,0.0000,1.1000,8,2026-05-31T19:39:20
253,human,dqn,1,1.1000,0.0000,7,2026-05-31T19:39:25
254,dqn,human,2,0.0000,1.1000,8,2026-05-31T20:09:29
255,human,dqn,1,1.1000,0.0000,7,2026-05-31T20:49:32
256,dqn,human,2,0.0000,1.1000,8,2026-05-31T21:29:34
257,human,dqn,1,1.1000,0.0000,7,2026-05-31T22:09:35
258,dqn,human,2,0.0000,1.1000,8,2026-06-01T03:53:20
259,human,dqn,1,1.1000,0.0000,7,2026-06-01T04:33:22
260,dqn,random,1,1.2000,0.2000,43,2026-06-01T04:33:25
261,random,dqn,2,0.3000,1.1000,32,2026-06-01T04:33:29
262,dqn,heuristic,2,0.0000,1.1000,8,2026-06-01T04:33:32
263,random,dqn,1,1.2000,0.1000,31,2026-06-01T04:33:36
264,dqn,random,2,0.0000,1.0000,28,2026-06-01T04:33:39
265,random,dqn,2,0.0000,1.1000,22,2026-06-01T04:33:41
266,dqn,heuristic,2,0.0000,1.1000,8,2026-06-01T04:33:44
267,random,dqn,1,1.1000,0.1000,21,2026-06-01T04:33:46
268,dqn,random,2,0.2000,1.2000,28,2026-06-01T04:33:49
269,heuristic,dqn,1,1.1000,0.0000,7,2026-06-01T04:33:51
270,dqn,random,1,1.1000,0.1000,23,2026-06-01T04:33:54
271,random,dqn,1,1.0000,0.0000,21,2026-06-01T04:33:57
272,dqn,random,2,0.2000,1.1000,22,2026-06-01T04:34:00
273,random,dqn,1,1.1000,0.0000,19,2026-06-01T04:34:02
274,dqn,heuristic,2,0.0000,1.1000,8,2026-06-01T04:34:05
275,random,dqn,2,0.0000,1.0000,22,2026-06-01T04:34:08
276,dqn,heuristic,2,0.0000,1.1000,8,2026-06-01T04:34:11
277,random,dqn,2,0.4000,1.2000,36,2026-06-01T04:34:13
278,dqn,random,2,0.2000,1.2000,34,2026-06-01T04:34:17
279,random,dqn,2,0.2000,1.0000,22,2026-06-01T04:34:20
280,dqn,random,1,1.0000,0.0000,19,2026-06-01T04:34:23
281,random,dqn,2,0.3000,1.0000,34,2026-06-01T04:34:26
282,dqn,random,1,1.1000,0.3000,27,2026-06-01T04:34:29
283,heuristic,dqn,1,1.1000,0.0000,7,2026-06-01T04:34:31
284,dqn,heuristic,2,0.0000,1.1000,8,2026-06-01T04:34:34
285,heuristic,dqn,1,1.1000,0.0000,7,2026-06-01T04:34:37
286,dqn,random,2,0.1000,1.0000,24,2026-06-01T04:34:40
287,random,dqn,1,1.4000,0.3000,33,2026-06-01T04:34:42
288,dqn,heuristic,2,0.0000,1.1000,8,2026-06-01T04:34:45
289,heuristic,dqn,1,1.1000,0.0000,7,2026-06-01T04:34:47
290,dqn,heuristic,2,0.0000,1.1000,8,2026-06-01T04:34:50
291,random,dqn,1,1.2000,0.1000,21,2026-06-01T04:34:53
292,dqn,random,1,1.4000,0.2000,35,2026-06-01T04:34:56
293,random,dqn,1,1.0000,0.2000,49,2026-06-01T04:34:59
294,dqn,random,1,1.4000,0.4000,39,2026-06-01T04:35:02
295,random,dqn,1,1.1000,0.1000,27,2026-06-01T04:35:05
296,dqn,heuristic,2,0.0000,1.1000,8,2026-06-01T04:35:08
297,random,dqn,1,1.1000,0.0000,25,2026-06-01T04:35:10
298,dqn,random,1,1.1000,0.0000,29,2026-06-01T04:35:13
299,random,dqn,2,0.0000,1.1000,18,2026-06-01T04:35:16
300,dqn,heuristic,2,0.0000,1.1000,8,2026-06-01T04:35:19
301,heuristic,dqn,1,1.1000,0.0000,7,2026-06-01T04:40:41
302,dqn,heuristic,2,0.0000,1.1000,8,2026-06-01T04:40:42
303,random,dqn,2,0.0000,1.1000,24,2026-06-01T04:40:44
304,dqn,random,2,0.2000,1.0000,36,2026-06-01T04:40:46
305,random,dqn,2,0.0000,1.1000,24,2026-06-01T04:40:48
306,dqn,random,2,0.2000,1.1000,38,2026-06-01T04:40:50
307,random,dqn,1,1.3000,0.3000,35,2026-06-01T04:40:52
308,dqn,random,2,0.4000,1.6000,42,2026-06-01T04:40:54
309,heuristic,dqn,1,1.1000,0.0000,7,2026-06-01T04:40:55
310,dqn,random,1,1.4000,0.2000,37,2026-06-01T04:40:57
311,heuristic,dqn,1,1.1000,0.0000,7,2026-06-01T04:40:59
312,dqn,random,1,1.0000,0.2000,25,2026-06-01T04:41:01
313,random,dqn,2,0.2000,1.1000,32,2026-06-01T04:41:03
314,dqn,random,2,0.2000,1.0000,26,2026-06-01T04:41:05
315,random,dqn,1,1.1000,0.3000,31,2026-06-01T04:41:07
316,dqn,random,1,1.1000,0.2000,33,2026-06-01T04:41:09
317,heuristic,dqn,1,1.1000,0.0000,7,2026-06-01T04:41:11
318,dqn,random,2,0.0000,1.1000,26,2026-06-01T04:41:13
319,random,dqn,1,1.3000,0.2000,35,2026-06-01T04:41:15
320,dqn,random,1,1.3000,0.2000,37,2026-06-01T04:41:17
321,heuristic,dqn,1,1.1000,0.0000,7,2026-06-01T04:41:19
322,dqn,random,1,1.5000,0.6000,45,2026-06-01T04:41:21
323,heuristic,dqn,1,1.1000,0.0000,7,2026-06-01T04:41:23
324,dqn,heuristic,2,0.0000,1.1000,8,2026-06-01T04:41:25
325,random,dqn,2,0.3000,1.0000,38,2026-06-01T04:41:26
326,dqn,heuristic,2,0.0000,1.1000,8,2026-06-01T04:41:30
327,random,dqn,1,1.0000,0.0000,21,2026-06-01T04:41:32
328,dqn,random,1,1.1000,0.1000,35,2026-06-01T04:41:34
329,random,dqn,1,1.2000,0.2000,29,2026-06-01T04:41:36
330,dqn,random,1,1.1000,0.1000,17,2026-06-01T04:41:37
331,random,dqn,2,0.0000,1.1000,30,2026-06-01T04:41:40
332,dqn,random,1,1.0000,0.3000,27,2026-06-01T04:41:42
333,random,dqn,1,1.0000,0.0000,25,2026-06-01T04:41:44
334,dqn,random,2,0.4000,1.2000,48,2026-06-01T04:41:46
335,random,dqn,2,0.2000,1.2000,28,2026-06-01T04:41:47
336,dqn,heuristic,2,0.0000,1.1000,8,2026-06-01T04:41:49
337,random,dqn,1,1.3000,0.5000,35,2026-06-01T04:41:51
338,dqn,random,2,0.2000,1.1000,26,2026-06-01T04:41:53
339,random,dqn,1,1.1000,0.1000,31,2026-06-01T04:41:55
340,dqn,heuristic,2,0.0000,1.1000,8,2026-06-01T04:41:57
341,random,dqn,1,1.2000,0.2000,31,2026-06-01T04:41:59
342,dqn,random,1,1.6000,0.5000,43,2026-06-01T04:42:01
343,random,dqn,1,1.3000,0.2000,39,2026-06-01T04:42:03
344,dqn,random,1,1.0000,0.0000,31,2026-06-01T04:42:05
345,heuristic,dqn,1,1.1000,0.0000,7,2026-06-01T04:42:07
346,dqn,heuristic,2,0.0000,1.1000,8,2026-06-01T04:42:10
347,random,dqn,1,1.1000,0.1000,31,2026-06-01T04:42:13
348,dqn,random,2,0.0000,1.0000,28,2026-06-01T04:42:15
349,heuristic,dqn,1,1.1000,0.1000,7,2026-06-01T04:42:17
350,dqn,random,1,1.4000,0.2000,47,2026-06-01T04:42:19
351,random,dqn,1,1.1000,0.0000,25,2026-06-01T04:42:21
352,dqn,random,1,1.0000,0.0000,37,2026-06-01T04:42:23
353,random,dqn,2,0.1000,1.1000,28,2026-06-01T04:42:25
354,dqn,random,1,1.0000,0.0000,17,2026-06-01T04:42:27
355,random,dqn,2,0.2000,1.1000,34,2026-06-01T04:42:29
356,dqn,random,2,0.3000,1.3000,48,2026-06-01T04:42:31
357,random,dqn,2,0.3000,1.1000,32,2026-06-01T04:42:33
358,dqn,heuristic,2,0.0000,1.1000,8,2026-06-01T04:42:35
359,random,dqn,1,1.3000,0.3000,47,2026-06-01T04:42:37
360,dqn,heuristic,2,0.0000,1.1000,8,2026-06-01T04:42:38
361,random,dqn,1,1.2000,0.1000,27,2026-06-01T04:42:40
362,dqn,heuristic,2,0.0000,1.1000,10,2026-06-01T04:42:42
363,random,dqn,1,1.0000,0.1000,19,2026-06-01T04:42:44
364,dqn,random,2,0.1000,1.0000,32,2026-06-01T04:42:46
365,heuristic,dqn,1,1.1000,0.0000,7,2026-06-01T04:42:47
366,dqn,random,1,1.5000,0.4000,43,2026-06-01T04:42:50
367,random,dqn,1,1.2000,0.2000,35,2026-06-01T04:42:52
368,dqn,random,1,1.1000,0.1000,25,2026-06-01T04:42:53
369,heuristic,dqn,1,1.1000,0.0000,7,2026-06-01T04:42:55
370,dqn,random,2,0.2000,1.3000,42,2026-06-01T04:42:58
371,random,dqn,2,0.0000,1.1000,38,2026-06-01T04:43:01
372,dqn,heuristic,2,0.0000,1.1000,8,2026-06-01T04:43:04
373,random,dqn,1,1.1000,0.0000,19,2026-06-01T04:43:06
374,dqn,heuristic,2,0.0000,1.1000,8,2026-06-01T04:43:11
375,random,dqn,2,0.2000,1.1000,38,2026-06-01T04:43:13
376,dqn,random,2,0.2000,1.1000,44,2026-06-01T04:43:17
377,random,dqn,1,1.0000,0.2000,23,2026-06-01T04:43:19
378,dqn,random,2,0.3000,1.3000,42,2026-06-01T04:43:22
379,random,dqn,1,1.3000,0.3000,47,2026-06-01T04:43:25
380,dqn,heuristic,2,0.0000,1.1000,8,2026-06-01T04:43:27
381,heuristic,dqn,1,1.1000,0.0000,7,2026-06-01T04:43:29
382,dqn,heuristic,2,0.0000,1.1000,8,2026-06-01T04:43:32
383,random,dqn,1,1.2000,0.2000,39,2026-06-01T04:43:35
384,dqn,random,2,0.3000,1.4000,36,2026-06-01T04:43:37
385,random,dqn,1,1.1000,0.1000,29,2026-06-01T04:43:40
386,dqn,heuristic,2,0.0000,1.1000,12,2026-06-01T04:43:42
387,random,dqn,1,1.7000,0.4000,45,2026-06-01T04:43:45
388,dqn,heuristic,2,0.0000,1.1000,8,2026-06-01T04:43:47
389,random,dqn,1,1.2000,0.0000,29,2026-06-01T04:43:50
390,dqn,random,1,1.1000,0.0000,17,2026-06-01T04:43:52
391,random,dqn,2,0.1000,1.4000,46,2026-06-01T04:43:54
392,dqn,random,1,1.3000,0.1000,27,2026-06-01T04:43:57
393,random,dqn,1,1.7000,0.5000,43,2026-06-01T04:44:00
394,dqn,random,1,1.2000,0.1000,47,2026-06-01T04:44:02
395,random,dqn,1,1.1000,0.1000,29,2026-06-01T04:44:05
396,dqn,random,1,1.1000,0.2000,35,2026-06-01T04:44:07
397,random,dqn,2,0.6000,1.3000,46,2026-06-01T04:44:10
398,dqn,heuristic,2,0.0000,1.1000,8,2026-06-01T04:44:13
399,random,dqn,1,1.3000,0.1000,39,2026-06-01T04:44:16
400,dqn,random,2,0.4000,1.2000,36,2026-06-01T04:44:18
401,random,dqn,2,0.2000,1.2000,30,2026-06-01T04:50:13
402,dqn,random,2,0.2000,1.3000,42,2026-06-01T04:50:16
403,random,dqn,1,1.2000,0.6000,41,2026-06-01T04:50:19
404,dqn,heuristic,2,0.0000,1.1000,8,2026-06-01T04:50:22
405,heuristic,dqn,1,1.1000,0.0000,7,2026-06-01T04:50:24
406,dqn,random,2,0.0000,1.0000,28,2026-06-01T04:50:27
407,heuristic,dqn,1,1.1000,0.0000,7,2026-06-01T04:50:29
408,dqn,random,1,1.3000,0.1000,29,2026-06-01T04:50:32
409,heuristic,dqn,1,1.1000,0.0000,7,2026-06-01T04:50:34
410,dqn,random,2,0.0000,1.0000,16,2026-06-01T04:50:37
411,random,dqn,2,0.0000,1.1000,26,2026-06-01T04:50:39
412,dqn,random,1,1.2000,0.3000,43,2026-06-01T04:50:42
413,random,dqn,1,1.2000,0.0000,31,2026-06-01T04:50:45
414,dqn,random,2,0.3000,1.5000,44,2026-06-01T04:50:48
415,random,dqn,2,0.5000,1.2000,42,2026-06-01T04:50:51
416,dqn,random,1,1.1000,0.2000,27,2026-06-01T04:50:54
417,random,dqn,2,0.0000,1.0000,22,2026-06-01T04:50:57
418,dqn,random,2,0.1000,1.2000,34,2026-06-01T04:50:59
419,random,dqn,2,0.0000,1.0000,22,2026-06-01T04:51:02
420,dqn,heuristic,2,0.0000,1.1000,8,2026-06-01T04:51:05
421,heuristic,dqn,1,1.1000,0.0000,7,2026-06-01T04:51:07
422,dqn,heuristic,2,0.0000,1.1000,8,2026-06-01T04:51:10
423,heuristic,dqn,1,1.1000,0.0000,7,2026-06-01T04:51:12
424,dqn,random,2,0.2000,1.4000,44,2026-06-01T04:51:15
425,heuristic,dqn,1,1.1000,0.0000,7,2026-06-01T04:51:17
426,dqn,random,1,1.1000,0.3000,39,2026-06-01T04:51:20
427,random,dqn,2,0.4000,1.1000,34,2026-06-01T04:51:23
428,dqn,random,1,1.3000,0.3000,33,2026-06-01T04:51:26
429,random,dqn,2,0.2000,1.5000,46,2026-06-01T04:51:29
430,dqn,random,2,0.2000,1.0000,38,2026-06-01T04:51:32
431,random,dqn,2,0.1000,1.1000,28,2026-06-01T04:51:35
432,dqn,heuristic,2,0.0000,1.1000,8,2026-06-01T04:51:38
433,random,dqn,2,0.2000,1.2000,36,2026-06-01T04:51:40
434,dqn,random,1,1.2000,0.3000,43,2026-06-01T04:51:44
435,heuristic,dqn,1,1.1000,0.0000,7,2026-06-01T04:51:46
436,dqn,random,2,0.3000,1.4000,38,2026-06-01T04:51:49
437,heuristic,dqn,1,1.1000,0.0000,7,2026-06-01T04:51:51
438,dqn,heuristic,2,0.0000,1.1000,8,2026-06-01T04:51:54
439,random,dqn,2,0.1000,1.0000,24,2026-06-01T04:51:56
440,dqn,random,2,0.6000,1.8000,42,2026-06-01T04:51:59
441,random,dqn,2,0.4000,1.2000,36,2026-06-01T04:52:02
442,dqn,random,1,1.1000,0.1000,33,2026-06-01T04:52:04
443,random,dqn,1,1.2000,0.1000,25,2026-06-01T04:52:07
444,dqn,random,2,0.5000,1.4000,36,2026-06-01T04:52:10
445,heuristic,dqn,1,1.1000,0.0000,7,2026-06-01T04:52:12
446,dqn,random,1,1.0000,0.0000,23,2026-06-01T04:52:13
447,random,dqn,2,0.0000,1.2000,24,2026-06-01T04:52:15
448,dqn,random,1,1.2000,0.0000,31,2026-06-01T04:52:16
449,random,dqn,2,0.4000,1.1000,40,2026-06-01T04:52:18
450,dqn,heuristic,2,0.0000,1.1000,8,2026-06-01T04:52:20
451,random,dqn,2,0.1000,1.6000,50,2026-06-01T04:52:22
452,dqn,random,2,0.2000,1.0000,42,2026-06-01T04:52:24
453,random,dqn,1,1.0000,0.0000,21,2026-06-01T04:52:25
454,dqn,random,2,0.0000,1.3000,32,2026-06-01T04:52:27
455,random,dqn,1,1.8000,0.3000,43,2026-06-01T04:52:29
456,dqn,random,2,0.3000,1.2000,36,2026-06-01T04:52:31
457,heuristic,dqn,1,1.1000,0.0000,7,2026-06-01T04:52:33
458,dqn,random,2,0.1000,1.1000,32,2026-06-01T04:52:34
459,random,dqn,1,1.5000,0.4000,41,2026-06-01T04:52:36
460,dqn,random,1,1.0000,0.0000,19,2026-06-01T04:52:38
461,random,dqn,1,1.1000,0.0000,11,2026-06-01T04:52:40
462,dqn,heuristic,2,0.0000,1.1000,8,2026-06-01T04:52:41
463,random,dqn,1,1.3000,0.1000,31,2026-06-01T04:52:43
464,dqn,random,2,0.4000,1.3000,34,2026-06-01T04:52:45
465,random,dqn,2,0.2000,1.2000,30,2026-06-01T04:52:47
466,dqn,random,1,1.2000,0.1000,23,2026-06-01T04:52:49
467,random,dqn,2,0.1000,1.3000,26,2026-06-01T04:52:50
468,dqn,random,1,1.1000,0.1000,39,2026-06-01T04:52:52
469,random,dqn,2,0.2000,1.5000,44,2026-06-01T04:52:54
470,dqn,random,1,1.1000,0.2000,31,2026-06-01T04:52:56
471,random,dqn,1,1.3000,0.2000,41,2026-06-01T04:52:58
472,dqn,random,2,0.1000,1.0000,26,2026-06-01T04:53:00
473,random,dqn,1,1.4000,0.5000,49,2026-06-01T04:53:02
474,dqn,random,1,1.1000,0.0000,19,2026-06-01T04:53:04
475,random,dqn,2,0.2000,1.1000,24,2026-06-01T04:53:05
476,dqn,random,1,1.1000,0.0000,19,2026-06-01T04:53:07
477,random,dqn,2,0.1000,1.0000,30,2026-06-01T04:53:09
478,dqn,random,2,0.1000,1.1000,34,2026-06-01T04:53:11
479,random,dqn,2,0.0000,1.1000,26,2026-06-01T04:53:12
480,dqn,heuristic,2,0.0000,1.1000,8,2026-06-01T04:53:14
481,random,dqn,2,0.0000,1.0000,28,2026-06-01T04:53:16
482,dqn,random,1,1.3000,0.0000,31,2026-06-01T04:53:18
483,heuristic,dqn,1,1.1000,0.0000,7,2026-06-01T04:53:19
484,dqn,heuristic,2,0.0000,1.1000,8,2026-06-01T04:53:21
485,random,dqn,2,0.0000,1.1000,30,2026-06-01T04:53:23
486,dqn,heuristic,2,0.0000,1.1000,8,2026-06-01T04:53:25
487,random,dqn,1,1.0000,0.3000,29,2026-06-01T04:53:27
488,dqn,heuristic,2,0.0000,1.1000,8,2026-06-01T04:53:28
489,random,dqn,1,1.1000,0.1000,21,2026-06-01T04:53:30
490,dqn,random,1,1.2000,0.1000,23,2026-06-01T04:53:31
491,heuristic,dqn,1,1.1000,0.0000,7,2026-06-01T04:53:33
492,dqn,heuristic,2,0.0000,1.1000,8,2026-06-01T04:53:35
493,heuristic,dqn,1,1.1000,0.0000,7,2026-06-01T04:53:36
494,dqn,random,2,0.4000,1.5000,44,2026-06-01T04:53:38
495,heuristic,dqn,1,1.1000,0.0000,7,2026-06-01T04:53:40
496,dqn,random,1,1.3000,0.1000,27,2026-06-01T04:53:41
497,random,dqn,1,1.0000,0.3000,35,2026-06-01T04:53:43
498,dqn,random,2,0.3000,1.1000,32,2026-06-01T04:53:45
499,random,dqn,2,0.0000,1.1000,38,2026-06-01T04:53:47
500,dqn,random,1,1.0000,0.0000,17,2026-06-01T04:53:49
501,random,dqn,2,0.1000,1.2000,34,2026-06-01T04:59:48
502,dqn,random,1,1.1000,0.0000,27,2026-06-01T04:59:50
503,heuristic,dqn,1,1.1000,0.0000,7,2026-06-01T04:59:51
504,dqn,random,1,1.6000,0.3000,39,2026-06-01T04:59:53
505,random,dqn,2,0.3000,1.6000,50,2026-06-01T04:59:54
506,dqn,random,1,1.1000,0.2000,31,2026-06-01T04:59:56
507,random,dqn,2,0.1000,1.0000,20,2026-06-01T04:59:58
508,dqn,random,1,1.3000,0.1000,23,2026-06-01T04:59:59
509,heuristic,dqn,1,1.1000,0.0000,7,2026-06-01T05:00:00
510,dqn,random,2,0.2000,1.3000,40,2026-06-01T05:00:02
511,random,dqn,1,1.3000,0.2000,39,2026-06-01T05:00:03
512,dqn,heuristic,2,0.0000,1.1000,8,2026-06-01T05:00:05
513,heuristic,dqn,1,1.1000,0.0000,7,2026-06-01T05:00:06
514,dqn,heuristic,2,0.0000,1.1000,8,2026-06-01T05:00:07
515,random,dqn,2,0.2000,1.7000,48,2026-06-01T05:00:08
516,dqn,random,1,1.4000,0.5000,47,2026-06-01T05:00:10
517,heuristic,dqn,1,1.1000,0.0000,7,2026-06-01T05:00:12
518,dqn,random,2,0.1000,1.1000,30,2026-06-01T05:00:13
519,heuristic,dqn,1,1.1000,0.0000,7,2026-06-01T05:00:15
520,dqn,heuristic,2,0.0000,1.1000,8,2026-06-01T05:00:16
521,random,dqn,2,0.1000,1.3000,36,2026-06-01T05:00:17
522,dqn,random,2,0.0000,1.0000,20,2026-06-01T05:00:19
523,heuristic,dqn,1,1.1000,0.0000,7,2026-06-01T05:00:20
524,dqn,random,1,1.3000,0.3000,39,2026-06-01T05:00:22
525,random,dqn,1,1.2000,0.2000,45,2026-06-01T05:00:24
526,dqn,random,2,0.1000,1.3000,38,2026-06-01T05:00:25
527,random,dqn,2,0.0000,1.2000,32,2026-06-01T05:00:27
528,dqn,random,1,1.0000,0.0000,21,2026-06-01T05:00:28
529,random,dqn,1,1.2000,0.1000,27,2026-06-01T05:00:30
530,dqn,heuristic,2,0.0000,1.1000,8,2026-06-01T05:00:32
531,random,dqn,2,0.2000,1.2000,40,2026-06-01T05:00:33
532,dqn,random,2,0.0000,1.1000,24,2026-06-01T05:00:34
533,random,dqn,2,0.0000,1.0000,20,2026-06-01T05:00:36
534,dqn,random,1,1.4000,0.1000,33,2026-06-01T05:00:37
535,random,dqn,2,0.0000,1.1000,20,2026-06-01T05:00:38
536,dqn,random,2,0.1000,1.1000,22,2026-06-01T05:00:40
537,random,dqn,1,1.1000,0.2000,35,2026-06-01T05:00:41
538,dqn,random,1,1.1000,0.2000,43,2026-06-01T05:00:43
539,heuristic,dqn,1,1.1000,0.0000,7,2026-06-01T05:00:45
540,dqn,random,2,0.1000,1.2000,20,2026-06-01T05:00:46
541,random,dqn,2,0.1000,1.3000,32,2026-06-01T05:00:47
542,dqn,heuristic,2,0.0000,1.1000,8,2026-06-01T05:00:48
543,random,dqn,2,0.0000,1.3000,22,2026-06-01T05:00:50
544,dqn,random,1,1.2000,0.3000,33,2026-06-01T05:00:51
545,random,dqn,2,0.5000,1.5000,48,2026-06-01T05:00:53
546,dqn,random,2,0.1000,1.2000,38,2026-06-01T05:00:55
547,heuristic,dqn,1,1.1000,0.0000,7,2026-06-01T05:00:56
548,dqn,heuristic,2,0.0000,1.1000,8,2026-06-01T05:00:57
549,random,dqn,1,1.1000,0.3000,39,2026-06-01T05:00:59
550,dqn,random,2,0.0000,1.0000,16,2026-06-01T05:01:00
551,random,dqn,2,0.1000,1.1000,28,2026-06-01T05:01:02
552,dqn,random,1,1.3000,0.2000,43,2026-06-01T05:01:04
553,heuristic,dqn,1,1.1000,0.0000,7,2026-06-01T05:01:06
554,dqn,random,1,1.1000,0.3000,35,2026-06-01T05:01:07
555,random,dqn,2,0.1000,1.1000,24,2026-06-01T05:01:08
556,dqn,random,2,0.0000,1.2000,32,2026-06-01T05:01:10
557,heuristic,dqn,1,1.1000,0.0000,7,2026-06-01T05:01:11
558,dqn,random,2,0.1000,1.3000,32,2026-06-01T05:01:13
559,random,dqn,2,0.3000,1.0000,34,2026-06-01T05:01:15
560,dqn,heuristic,2,0.0000,1.1000,8,2026-06-01T05:01:16
561,heuristic,dqn,1,1.1000,0.0000,7,2026-06-01T05:01:17
562,dqn,random,2,0.3000,1.1000,44,2026-06-01T05:01:19
563,random,dqn,2,0.1000,1.2000,28,2026-06-01T05:01:21
564,dqn,random,2,0.2000,1.3000,30,2026-06-01T05:01:23
565,random,dqn,1,1.1000,0.3000,33,2026-06-01T05:01:24
566,dqn,random,1,1.4000,0.2000,37,2026-06-01T05:01:26
567,random,dqn,2,0.1000,1.0000,34,2026-06-01T05:01:27
568,dqn,random,2,0.3000,1.5000,46,2026-06-01T05:01:29
569,heuristic,dqn,1,1.1000,0.0000,7,2026-06-01T05:01:31
570,dqn,random,2,0.1000,1.1000,32,2026-06-01T05:01:32
571,heuristic,dqn,1,1.1000,0.0000,7,2026-06-01T05:01:34
572,dqn,random,2,0.2000,1.2000,30,2026-06-01T05:01:35
573,random,dqn,2,0.1000,1.1000,34,2026-06-01T05:01:37
574,dqn,heuristic,2,0.0000,1.1000,8,2026-06-01T05:01:38
575,random,dqn,2,0.3000,1.2000,44,2026-06-01T05:01:39
576,dqn,random,2,0.1000,1.1000,32,2026-06-01T05:01:41
577,heuristic,dqn,1,1.1000,0.0000,7,2026-06-01T05:01:42
578,dqn,heuristic,2,0.0000,1.1000,10,2026-06-01T05:01:44
579,random,dqn,1,1.1000,0.0000,23,2026-06-01T05:01:45
580,dqn,random,1,1.5000,0.1000,43,2026-06-01T05:01:47
581,random,dqn,2,0.1000,1.4000,26,2026-06-01T05:01:48
582,dqn,random,2,0.3000,1.2000,40,2026-06-01T05:01:50
583,random,dqn,1,1.1000,0.1000,27,2026-06-01T05:01:51
584,dqn,random,1,1.3000,0.1000,39,2026-06-01T05:01:53
585,random,dqn,2,0.2000,1.0000,32,2026-06-01T05:01:55
586,dqn,random,2,0.2000,1.3000,46,2026-06-01T05:01:57
587,random,dqn,1,1.2000,0.1000,33,2026-06-01T05:01:58
588,dqn,random,2,0.1000,1.4000,42,2026-06-01T05:02:00
589,random,dqn,1,1.1000,0.3000,35,2026-06-01T05:02:01
590,dqn,random,1,1.1000,0.2000,29,2026-06-01T05:02:03
591,random,dqn,1,1.2000,0.3000,37,2026-06-01T05:02:04
592,dqn,heuristic,2,0.0000,1.1000,8,2026-06-01T05:02:06
593,random,dqn,1,1.4000,0.3000,43,2026-06-01T05:02:08
594,dqn,heuristic,2,0.0000,1.1000,8,2026-06-01T05:02:09
595,random,dqn,1,1.1000,0.1000,31,2026-06-01T05:02:10
596,dqn,heuristic,2,0.0000,1.1000,8,2026-06-01T05:02:11
597,random,dqn,2,0.2000,1.1000,30,2026-06-01T05:02:13
598,dqn,random,2,0.1000,1.1000,22,2026-06-01T05:02:14
599,heuristic,dqn,1,1.1000,0.0000,7,2026-06-01T05:02:15
600,dqn,random,2,0.1000,1.1000,20,2026-06-01T05:02:16
601,random,dqn,1,1.0000,0.0000,29,2026-06-01T05:08:30
602,dqn,random,1,1.4000,0.0000,29,2026-06-01T05:08:31
603,heuristic,dqn,1,1.1000,0.0000,7,2026-06-01T05:08:33
604,dqn,random,1,1.1000,0.0000,29,2026-06-01T05:08:35
605,heuristic,dqn,1,1.1000,0.0000,7,2026-06-01T05:08:36
606,dqn,random,2,0.3000,1.5000,40,2026-06-01T05:08:37
607,random,dqn,1,1.0000,0.1000,15,2026-06-01T05:08:39
608,dqn,heuristic,2,0.0000,1.1000,8,2026-06-01T05:08:40
609,heuristic,dqn,1,1.1000,0.0000,7,2026-06-01T05:08:41
610,dqn,random,1,1.6000,0.6000,41,2026-06-01T05:08:43
611,random,dqn,2,0.0000,1.0000,18,2026-06-01T05:08:45
612,dqn,heuristic,2,0.0000,1.1000,8,2026-06-01T05:08:46
613,random,dqn,2,0.3000,1.3000,38,2026-06-01T05:08:48
614,dqn,random,2,0.0000,1.0000,22,2026-06-01T05:08:49
615,random,dqn,1,1.3000,0.0000,27,2026-06-01T05:08:51
616,dqn,heuristic,2,0.0000,1.1000,8,2026-06-01T05:08:52
617,random,dqn,2,0.2000,1.2000,32,2026-06-01T05:08:53
618,dqn,heuristic,2,0.0000,1.1000,8,2026-06-01T05:08:55
619,random,dqn,1,1.1000,0.1000,35,2026-06-01T05:08:56
620,dqn,random,1,1.4000,0.6000,43,2026-06-01T05:08:58
621,random,dqn,2,0.0000,1.1000,30,2026-06-01T05:09:00
622,dqn,random,2,0.0000,1.1000,28,2026-06-01T05:09:01
623,random,dqn,1,1.6000,1.0000,49,2026-06-01T05:09:03
624,dqn,random,1,1.2000,0.3000,33,2026-06-01T05:09:05
625,heuristic,dqn,1,1.1000,0.0000,7,2026-06-01T05:09:08
626,dqn,heuristic,2,0.0000,1.1000,8,2026-06-01T05:09:09
627,random,dqn,2,0.1000,1.1000,20,2026-06-01T05:09:10
628,dqn,random,1,1.2000,0.3000,37,2026-06-01T05:09:11
629,random,dqn,2,0.5000,1.3000,46,2026-06-01T05:09:13
630,dqn,random,1,1.7000,0.5000,47,2026-06-01T05:09:16
631,random,dqn,2,0.1000,1.3000,30,2026-06-01T05:09:18
632,dqn,random,1,1.1000,0.0000,25,2026-06-01T05:09:20
633,random,dqn,1,1.4000,0.0000,41,2026-06-01T05:09:22
634,dqn,random,2,0.1000,1.1000,34,2026-06-01T05:09:23
635,random,dqn,1,1.1000,0.2000,43,2026-06-01T05:09:25
636,dqn,heuristic,2,0.0000,1.1000,8,2026-06-01T05:09:27
637,random,dqn,2,0.0000,1.0000,28,2026-06-01T05:09:28
638,dqn,random,1,1.0000,0.2000,35,2026-06-01T05:09:30
639,heuristic,dqn,1,1.1000,0.0000,7,2026-06-01T05:09:31
640,dqn,heuristic,2,0.0000,1.1000,8,2026-06-01T05:09:32
641,random,dqn,1,1.1000,0.0000,23,2026-06-01T05:09:34
642,dqn,random,2,0.0000,1.2000,26,2026-06-01T05:09:35
643,random,dqn,1,1.5000,0.8000,43,2026-06-01T05:09:37
644,dqn,heuristic,2,0.0000,1.1000,8,2026-06-01T05:09:38
645,random,dqn,2,0.1000,1.1000,26,2026-06-01T05:09:41
646,dqn,heuristic,2,0.0000,1.1000,8,2026-06-01T05:09:43
647,random,dqn,2,0.5000,1.4000,40,2026-06-01T05:09:46
648,dqn,heuristic,2,0.0000,1.1000,8,2026-06-01T05:09:48
649,random,dqn,1,1.1000,0.0000,25,2026-06-01T05:09:49
650,dqn,heuristic,2,0.0000,1.1000,8,2026-06-01T05:09:51
651,heuristic,dqn,1,1.1000,0.0000,7,2026-06-01T05:09:52
652,dqn,random,2,0.9000,1.6000,58,2026-06-01T05:09:54
653,heuristic,dqn,1,1.1000,0.0000,7,2026-06-01T05:09:56
654,dqn,heuristic,2,0.0000,1.1000,8,2026-06-01T05:09:57
655,random,dqn,1,1.3000,0.2000,37,2026-06-01T05:09:58
656,dqn,random,1,1.2000,0.2000,37,2026-06-01T05:10:00
657,heuristic,dqn,1,1.1000,0.0000,7,2026-06-01T05:10:01
658,dqn,random,1,1.3000,0.1000,33,2026-06-01T05:10:03
659,random,dqn,2,0.2000,1.1000,36,2026-06-01T05:10:04
660,dqn,random,1,1.1000,0.0000,25,2026-06-01T05:10:06
661,random,dqn,1,1.3000,0.3000,35,2026-06-01T05:10:08
662,dqn,random,1,1.4000,0.1000,45,2026-06-01T05:10:10
663,random,dqn,2,0.3000,1.2000,34,2026-06-01T05:10:12
664,dqn,heuristic,2,0.1000,1.1000,8,2026-06-01T05:10:14
665,heuristic,dqn,1,1.1000,0.0000,7,2026-06-01T05:10:15
666,dqn,random,2,0.1000,1.0000,22,2026-06-01T05:10:16
667,random,dqn,2,0.6000,1.2000,46,2026-06-01T05:10:18
668,dqn,heuristic,2,0.0000,1.1000,8,2026-06-01T05:10:19
669,random,dqn,2,0.1000,1.2000,26,2026-06-01T05:10:21
670,dqn,random,2,0.2000,1.4000,44,2026-06-01T05:10:23
671,random,dqn,2,0.1000,1.0000,20,2026-06-01T05:10:24
672,dqn,random,2,0.0000,1.1000,16,2026-06-01T05:10:26
673,random,dqn,2,0.0000,1.2000,30,2026-06-01T05:10:27
674,dqn,heuristic,2,0.0000,1.1000,8,2026-06-01T05:10:29
675,random,dqn,2,0.2000,1.2000,32,2026-06-01T05:10:30
676,dqn,heuristic,2,0.0000,1.1000,8,2026-06-01T05:10:32
677,random,dqn,2,0.0000,1.1000,26,2026-06-01T05:10:33
678,dqn,random,2,0.5000,1.5000,46,2026-06-01T05:10:35
679,random,dqn,1,1.5000,0.0000,31,2026-06-01T05:10:37
680,dqn,random,2,0.0000,1.1000,32,2026-06-01T05:10:39
681,heuristic,dqn,1,1.1000,0.0000,7,2026-06-01T05:10:41
682,dqn,random,1,1.0000,0.0000,13,2026-06-01T05:10:42
683,heuristic,dqn,1,1.1000,0.0000,7,2026-06-01T05:10:43
684,dqn,heuristic,2,0.0000,1.1000,8,2026-06-01T05:10:44
685,heuristic,dqn,1,1.1000,0.0000,7,2026-06-01T05:10:46
686,dqn,random,2,0.1000,1.0000,26,2026-06-01T05:10:47
687,random,dqn,1,1.2000,0.1000,31,2026-06-01T05:10:49
688,dqn,random,1,1.2000,0.3000,35,2026-06-01T05:10:50
689,random,dqn,1,1.3000,0.4000,35,2026-06-01T05:10:52
690,dqn,random,1,1.1000,0.0000,29,2026-06-01T05:10:54
691,heuristic,dqn,1,1.1000,0.0000,7,2026-06-01T05:10:55
692,dqn,heuristic,2,0.0000,1.1000,8,2026-06-01T05:10:57
693,random,dqn,1,1.0000,0.1000,21,2026-06-01T05:10:58
694,dqn,heuristic,2,0.0000,1.1000,8,2026-06-01T05:11:00
695,random,dqn,2,0.0000,1.2000,30,2026-06-01T05:11:01
696,dqn,heuristic,2,0.0000,1.1000,8,2026-06-01T05:11:02
697,heuristic,dqn,1,1.1000,0.0000,7,2026-06-01T05:11:04
698,dqn,random,2,0.1000,1.1000,18,2026-06-01T05:11:05
699,heuristic,dqn,1,1.1000,0.0000,7,2026-06-01T05:11:06
700,dqn,random,2,0.0000,1.1000,28,2026-06-01T05:11:08
701,heuristic,dqn,1,1.1000,0.0000,7,2026-06-01T05:17:30
702,dqn,heuristic,2,0.2000,1.2000,20,2026-06-01T05:17:32
703,random,dqn,2,0.2000,1.3000,30,2026-06-01T05:17:33
704,dqn,random,1,1.3000,0.2000,29,2026-06-01T05:17:35
705,random,dqn,1,1.3000,0.1000,49,2026-06-01T05:17:36
706,dqn,random,1,1.1000,0.0000,31,2026-06-01T05:17:38
707,random,dqn,2,0.3000,1.2000,36,2026-06-01T05:17:39
708,dqn,random,1,1.5000,0.2000,33,2026-06-01T05:17:41
709,random,dqn,2,0.2000,1.1000,26,2026-06-01T05:17:43
710,dqn,random,1,1.1000,0.0000,25,2026-06-01T05:17:45
711,heuristic,dqn,1,1.1000,0.0000,7,2026-06-01T05:17:46
712,dqn,random,1,1.2000,0.2000,33,2026-06-01T05:17:47
713,random,dqn,1,1.1000,0.0000,33,2026-06-01T05:17:49
714,dqn,random,1,1.6000,0.3000,49,2026-06-01T05:17:51
715,random,dqn,2,0.4000,1.1000,34,2026-06-01T05:17:53
716,dqn,heuristic,2,0.0000,1.1000,14,2026-06-01T05:17:54
717,random,dqn,1,1.3000,0.1000,29,2026-06-01T05:17:56
718,dqn,heuristic,2,0.0000,1.1000,8,2026-06-01T05:17:57
719,random,dqn,2,0.1000,1.3000,34,2026-06-01T05:17:59
720,dqn,random,2,0.0000,1.2000,30,2026-06-01T05:18:00
721,random,dqn,2,0.1000,1.1000,30,2026-06-01T05:18:02
722,dqn,heuristic,2,0.0000,1.1000,8,2026-06-01T05:18:04
723,random,dqn,1,1.1000,0.1000,43,2026-06-01T05:18:05
724,dqn,random,1,1.3000,0.0000,31,2026-06-01T05:18:07
725,heuristic,dqn,1,1.1000,0.0000,7,2026-06-01T05:18:09
726,dqn,heuristic,2,0.0000,1.1000,8,2026-06-01T05:18:11
727,random,dqn,1,1.1000,0.0000,19,2026-06-01T05:18:12
728,dqn,random,1,1.3000,0.0000,33,2026-06-01T05:18:13
729,random,dqn,1,1.2000,0.0000,23,2026-06-01T05:18:15
730,dqn,heuristic,2,0.0000,1.1000,8,2026-06-01T05:18:16
731,random,dqn,1,1.0000,0.2000,35,2026-06-01T05:18:17
732,dqn,random,1,1.3000,0.2000,37,2026-06-01T05:18:19
733,random,dqn,1,1.3000,0.1000,31,2026-06-01T05:18:20
734,dqn,random,1,1.2000,0.2000,43,2026-06-01T05:18:22
735,random,dqn,2,0.1000,1.1000,22,2026-06-01T05:18:24
736,dqn,random,1,1.3000,0.4000,37,2026-06-01T05:18:25
737,random,dqn,2,0.2000,1.5000,44,2026-06-01T05:18:27
738,dqn,random,1,1.4000,0.2000,35,2026-06-01T05:18:29
739,random,dqn,2,0.2000,1.2000,34,2026-06-01T05:18:30
740,dqn,heuristic,2,0.0000,1.1000,8,2026-06-01T05:18:32
741,random,dqn,2,0.0000,1.2000,32,2026-06-01T05:18:34
742,dqn,random,2,0.2000,1.1000,36,2026-06-01T05:18:36
743,random,dqn,2,0.0000,1.1000,24,2026-06-01T05:18:37
744,dqn,random,1,1.1000,0.2000,31,2026-06-01T05:18:39
745,heuristic,dqn,1,1.1000,0.0000,7,2026-06-01T05:18:40
746,dqn,random,2,0.0000,1.2000,32,2026-06-01T05:18:42
747,heuristic,dqn,1,1.1000,0.0000,7,2026-06-01T05:18:43
748,dqn,random,1,1.3000,0.1000,37,2026-06-01T05:18:45
749,heuristic,dqn,1,1.1000,0.0000,7,2026-06-01T05:18:46
750,dqn,random,1,1.0000,0.0000,29,2026-06-01T05:18:47
751,heuristic,dqn,1,1.1000,0.0000,7,2026-06-01T05:18:49
752,dqn,heuristic,2,0.1000,1.0000,26,2026-06-01T05:18:50
753,heuristic,dqn,1,1.1000,0.1000,21,2026-06-01T05:18:52
754,dqn,random,1,1.1000,0.4000,31,2026-06-01T05:18:54
755,heuristic,dqn,1,1.1000,0.0000,7,2026-06-01T05:18:55
756,dqn,heuristic,2,0.0000,1.1000,8,2026-06-01T05:18:56
757,random,dqn,2,0.1000,1.2000,20,2026-06-01T05:18:57
758,dqn,random,2,0.3000,1.2000,40,2026-06-01T05:18:59
759,heuristic,dqn,1,1.1000,0.0000,7,2026-06-01T05:19:01
760,dqn,random,1,1.0000,0.0000,19,2026-06-01T05:19:03
761,random,dqn,1,1.1000,0.0000,31,2026-06-01T05:19:05
762,dqn,heuristic,2,0.0000,1.1000,8,2026-06-01T05:19:06
763,random,dqn,2,0.2000,1.3000,40,2026-06-01T05:19:08
764,dqn,heuristic,2,0.0000,1.1000,8,2026-06-01T05:19:09
765,random,dqn,1,1.4000,0.5000,41,2026-06-01T05:19:10
766,dqn,random,2,0.8000,1.4000,50,2026-06-01T05:19:13
767,heuristic,dqn,1,1.1000,0.0000,7,2026-06-01T05:19:14
768,dqn,random,1,1.3000,0.4000,45,2026-06-01T05:19:16
769,random,dqn,2,0.1000,1.1000,20,2026-06-01T05:19:17
770,dqn,random,1,1.1000,0.0000,23,2026-06-01T05:19:19
771,random,dqn,1,1.2000,0.1000,27,2026-06-01T05:19:20
772,dqn,random,1,1.0000,0.0000,21,2026-06-01T05:19:22
773,heuristic,dqn,1,1.1000,0.0000,7,2026-06-01T05:19:23
774,dqn,random,1,1.1000,0.4000,45,2026-06-01T05:19:25
775,heuristic,dqn,1,1.1000,0.0000,7,2026-06-01T05:19:27
776,dqn,random,2,0.2000,1.2000,26,2026-06-01T05:19:29
777,random,dqn,2,0.1000,1.3000,44,2026-06-01T05:19:30
778,dqn,heuristic,2,0.0000,1.1000,8,2026-06-01T05:19:32
779,random,dqn,2,0.6000,1.3000,44,2026-06-01T05:19:33
780,dqn,random,2,0.0000,1.2000,30,2026-06-01T05:19:35
781,heuristic,dqn,1,1.1000,0.0000,7,2026-06-01T05:19:36
782,dqn,random,1,1.0000,0.0000,33,2026-06-01T05:19:38
783,random,dqn,1,1.4000,0.3000,37,2026-06-01T05:19:39
784,dqn,random,1,1.2000,0.2000,25,2026-06-01T05:19:41
785,random,dqn,1,1.1000,0.0000,33,2026-06-01T05:19:43
786,dqn,heuristic,2,0.0000,1.1000,8,2026-06-01T05:19:44
787,random,dqn,2,0.1000,1.0000,20,2026-06-01T05:19:45
788,dqn,random,2,0.0000,1.1000,34,2026-06-01T05:19:47
789,random,dqn,2,0.0000,1.2000,20,2026-06-01T05:19:48
790,dqn,random,2,0.0000,1.2000,30,2026-06-01T05:19:50
791,random,dqn,2,0.1000,1.1000,24,2026-06-01T05:19:52
792,dqn,random,1,1.2000,0.0000,27,2026-06-01T05:19:54
793,random,dqn,2,0.1000,1.2000,38,2026-06-01T05:19:55
794,dqn,heuristic,2,0.0000,1.1000,8,2026-06-01T05:19:57
795,random,dqn,2,0.7000,1.1000,40,2026-06-01T05:19:59
796,dqn,random,1,1.1000,0.0000,23,2026-06-01T05:20:01
797,heuristic,dqn,1,1.1000,0.0000,7,2026-06-01T05:20:02
798,dqn,random,1,1.3000,0.3000,43,2026-06-01T05:20:04
799,random,dqn,2,0.5000,1.1000,34,2026-06-01T05:20:05
800,dqn,heuristic,2,0.0000,1.1000,8,2026-06-01T05:20:07
801,heuristic,dqn,1,1.1000,0.0000,7,2026-06-01T05:26:20
802,dqn,random,2,0.1000,1.0000,28,2026-06-01T05:26:22
803,heuristic,dqn,1,1.1000,0.0000,7,2026-06-01T05:26:23
804,dqn,random,2,0.2000,1.6000,42,2026-06-01T05:26:25
805,random,dqn,2,0.1000,1.1000,24,2026-06-01T05:26:26
806,dqn,random,2,0.1000,1.0000,34,2026-06-01T05:26:27
807,random,dqn,2,0.0000,1.3000,34,2026-06-01T05:26:29
808,dqn,random,1,1.0000,0.1000,39,2026-06-01T05:26:30
809,random,dqn,2,0.2000,1.2000,36,2026-06-01T05:26:32
810,dqn,random,1,1.2000,0.0000,25,2026-06-01T05:26:33
811,heuristic,dqn,1,1.1000,0.0000,7,2026-06-01T05:26:35
812,dqn,random,2,0.0000,1.1000,22,2026-06-01T05:26:36
813,random,dqn,2,0.1000,1.3000,42,2026-06-01T05:26:37
814,dqn,random,1,1.2000,0.1000,25,2026-06-01T05:26:39
815,heuristic,dqn,1,1.1000,0.0000,7,2026-06-01T05:26:40
816,dqn,random,2,0.0000,1.1000,20,2026-06-01T05:26:41
817,heuristic,dqn,1,1.1000,0.0000,7,2026-06-01T05:26:42
818,dqn,heuristic,2,0.0000,1.1000,8,2026-06-01T05:26:44
819,heuristic,dqn,1,1.1000,0.0000,7,2026-06-01T05:26:45
820,dqn,random,1,1.3000,0.1000,31,2026-06-01T05:26:46
821,random,dqn,2,0.3000,1.4000,36,2026-06-01T05:26:47
822,dqn,random,2,0.0000,1.1000,14,2026-06-01T05:26:49
823,random,dqn,1,1.3000,0.1000,27,2026-06-01T05:26:50
824,dqn,heuristic,2,0.0000,1.1000,16,2026-06-01T05:26:52
825,heuristic,dqn,1,1.1000,0.0000,7,2026-06-01T05:26:53
826,dqn,heuristic,2,0.0000,1.1000,8,2026-06-01T05:26:54
827,random,dqn,1,1.4000,0.3000,39,2026-06-01T05:26:56
828,dqn,random,1,1.1000,0.0000,27,2026-06-01T05:26:57
829,random,dqn,1,1.1000,0.0000,21,2026-06-01T05:26:58
830,dqn,heuristic,2,0.0000,1.1000,8,2026-06-01T05:26:59
831,random,dqn,2,0.0000,1.0000,32,2026-06-01T05:27:01
832,dqn,random,2,0.2000,1.1000,30,2026-06-01T05:27:02
833,random,dqn,1,1.1000,0.2000,25,2026-06-01T05:27:04
834,dqn,random,1,1.6000,0.1000,35,2026-06-01T05:27:05
835,random,dqn,2,0.1000,1.3000,38,2026-06-01T05:27:07
836,dqn,heuristic,2,0.0000,1.1000,8,2026-06-01T05:27:08
837,random,dqn,1,1.2000,0.2000,27,2026-06-01T05:27:09
838,dqn,random,1,1.1000,0.2000,29,2026-06-01T05:27:10
839,random,dqn,2,0.0000,1.2000,30,2026-06-01T05:27:11
840,dqn,heuristic,2,0.0000,1.1000,8,2026-06-01T05:27:13
841,heuristic,dqn,1,1.1000,0.0000,7,2026-06-01T05:27:14
842,dqn,random,2,0.0000,1.0000,30,2026-06-01T05:27:15
843,random,dqn,1,1.2000,0.1000,25,2026-06-01T05:27:17
844,dqn,random,1,1.0000,0.0000,21,2026-06-01T05:27:18
845,random,dqn,1,1.3000,0.1000,31,2026-06-01T05:27:19
846,dqn,random,1,1.0000,0.0000,19,2026-06-01T05:27:21
847,random,dqn,1,1.5000,0.4000,41,2026-06-01T05:27:22
848,dqn,heuristic,2,0.0000,1.1000,8,2026-06-01T05:27:23
849,random,dqn,1,1.4000,0.3000,53,2026-06-01T05:27:25
850,dqn,random,2,0.1000,1.2000,40,2026-06-01T05:27:27
851,random,dqn,2,0.1000,1.2000,26,2026-06-01T05:27:28
852,dqn,random,1,1.4000,0.1000,35,2026-06-01T05:27:30
853,heuristic,dqn,1,1.1000,0.0000,7,2026-06-01T05:27:31
854,dqn,random,2,0.0000,1.1000,24,2026-06-01T05:27:33
855,heuristic,dqn,1,1.2000,0.1000,21,2026-06-01T05:27:34
856,dqn,random,2,0.5000,1.3000,42,2026-06-01T05:27:36
857,random,dqn,1,1.2000,0.1000,31,2026-06-01T05:27:37
858,dqn,random,2,0.3000,1.1000,30,2026-06-01T05:27:38
859,heuristic,dqn,1,1.1000,0.0000,7,2026-06-01T05:27:40
860,dqn,heuristic,2,0.0000,1.1000,8,2026-06-01T05:27:41
861,heuristic,dqn,1,1.1000,0.0000,7,2026-06-01T05:27:42
862,dqn,random,1,1.3000,0.4000,37,2026-06-01T05:27:43
863,heuristic,dqn,1,1.1000,0.0000,7,2026-06-01T05:27:45
864,dqn,random,1,1.1000,0.1000,31,2026-06-01T05:27:46
865,random,dqn,1,1.3000,0.5000,41,2026-06-01T05:27:47
866,dqn,heuristic,2,0.0000,1.1000,8,2026-06-01T05:27:49
867,heuristic,dqn,1,1.1000,0.0000,7,2026-06-01T05:27:50
868,dqn,random,1,1.1000,0.0000,11,2026-06-01T05:27:51
869,heuristic,dqn,1,1.1000,0.0000,7,2026-06-01T05:27:52
870,dqn,random,1,1.2000,0.2000,31,2026-06-01T05:27:53
871,heuristic,dqn,1,1.1000,0.0000,7,2026-06-01T05:27:54
872,dqn,random,1,1.3000,0.1000,43,2026-06-01T05:27:56
873,random,dqn,1,1.0000,0.0000,19,2026-06-01T05:27:57
874,dqn,heuristic,2,0.0000,1.1000,8,2026-06-01T05:27:59
875,random,dqn,2,0.3000,1.3000,44,2026-06-01T05:28:00
876,dqn,random,1,1.3000,0.4000,41,2026-06-01T05:28:02
877,random,dqn,1,1.4000,0.0000,27,2026-06-01T05:28:03
878,dqn,random,2,0.0000,1.0000,22,2026-06-01T05:28:05
879,random,dqn,2,0.2000,1.2000,36,2026-06-01T05:28:06
880,dqn,heuristic,2,0.0000,1.1000,8,2026-06-01T05:28:08
881,random,dqn,1,1.2000,0.1000,37,2026-06-01T05:28:10
882,dqn,random,1,1.2000,0.0000,31,2026-06-01T05:28:11
883,random,dqn,2,0.1000,1.2000,36,2026-06-01T05:28:13
884,dqn,random,1,1.6000,0.6000,51,2026-06-01T05:28:14
885,heuristic,dqn,1,1.1000,0.0000,7,2026-06-01T05:28:15
886,dqn,heuristic,2,0.0000,1.1000,8,2026-06-01T05:28:17
887,random,dqn,2,0.0000,1.1000,30,2026-06-01T05:28:19
888,dqn,heuristic,2,0.0000,1.1000,10,2026-06-01T05:28:20
889,random,dqn,2,0.2000,1.2000,28,2026-06-01T05:28:21
890,dqn,random,2,0.0000,1.2000,36,2026-06-01T05:28:23
891,random,dqn,2,0.3000,1.4000,46,2026-06-01T05:28:24
892,dqn,heuristic,2,0.0000,1.1000,8,2026-06-01T05:28:26
893,random,dqn,2,0.3000,1.6000,40,2026-06-01T05:28:27
894,dqn,random,2,0.0000,1.2000,26,2026-06-01T05:28:29
895,random,dqn,2,0.0000,1.1000,10,2026-06-01T05:28:30
896,dqn,random,2,0.0000,1.1000,22,2026-06-01T05:28:31
897,heuristic,dqn,1,1.1000,0.0000,7,2026-06-01T05:28:32
898,dqn,heuristic,2,0.0000,1.0000,24,2026-06-01T05:28:34
899,random,dqn,1,1.2000,0.0000,27,2026-06-01T05:28:35
900,dqn,random,2,0.1000,1.4000,32,2026-06-01T05:28:37
901,random,dqn,1,1.1000,0.0000,37,2026-06-01T05:34:56
902,dqn,random,1,1.1000,0.0000,33,2026-06-01T05:34:59
903,random,dqn,2,0.3000,1.3000,40,2026-06-01T05:35:02
904,dqn,random,1,1.0000,0.0000,25,2026-06-01T05:35:04
905,random,dqn,2,0.0000,1.0000,20,2026-06-01T05:35:06
906,dqn,random,2,0.0000,1.1000,16,2026-06-01T05:35:08
907,random,dqn,2,0.2000,1.2000,40,2026-06-01T05:35:10
908,dqn,heuristic,2,0.0000,1.1000,8,2026-06-01T05:35:13
909,random,dqn,1,1.4000,0.5000,43,2026-06-01T05:35:16
910,dqn,random,2,0.2000,1.3000,32,2026-06-01T05:35:18
911,heuristic,dqn,1,1.1000,0.0000,7,2026-06-01T05:35:20
912,dqn,heuristic,2,0.0000,1.1000,8,2026-06-01T05:35:21
913,random,dqn,1,1.1000,0.1000,33,2026-06-01T05:35:23
914,dqn,random,1,1.2000,0.1000,29,2026-06-01T05:35:25
915,random,dqn,1,1.2000,0.1000,33,2026-06-01T05:35:28
916,dqn,random,1,1.1000,0.0000,23,2026-06-01T05:35:30
917,random,dqn,1,1.2000,0.2000,35,2026-06-01T05:35:32
918,dqn,heuristic,2,0.0000,1.1000,8,2026-06-01T05:35:35
919,heuristic,dqn,1,1.1000,0.0000,7,2026-06-01T05:35:37
920,dqn,random,1,1.0000,0.2000,27,2026-06-01T05:35:40
921,random,dqn,2,0.0000,1.0000,24,2026-06-01T05:35:42
922,dqn,random,1,1.0000,0.0000,17,2026-06-01T05:35:44
923,random,dqn,1,1.1000,0.1000,27,2026-06-01T05:35:46
924,dqn,heuristic,2,0.0000,1.1000,8,2026-06-01T05:35:48
925,heuristic,dqn,1,1.1000,0.0000,7,2026-06-01T05:35:50
926,dqn,random,1,1.5000,0.3000,43,2026-06-01T05:35:53
927,heuristic,dqn,1,1.1000,0.0000,7,2026-06-01T05:35:55
928,dqn,heuristic,2,0.0000,1.1000,8,2026-06-01T05:35:57
929,random,dqn,1,1.2000,0.4000,39,2026-06-01T05:35:59
930,dqn,random,2,0.0000,1.1000,20,2026-06-01T05:36:01
931,heuristic,dqn,1,1.2000,0.2000,19,2026-06-01T05:36:04
932,dqn,random,1,1.2000,0.0000,29,2026-06-01T05:36:06
933,random,dqn,1,1.1000,0.0000,29,2026-06-01T05:36:08
934,dqn,random,1,1.0000,0.0000,23,2026-06-01T05:36:09
935,random,dqn,2,0.0000,1.1000,14,2026-06-01T05:36:11
936,dqn,heuristic,2,0.0000,1.1000,8,2026-06-01T05:36:14
937,random,dqn,2,0.1000,1.0000,32,2026-06-01T05:36:16
938,dqn,random,2,0.0000,1.1000,32,2026-06-01T05:36:18
939,random,dqn,1,1.1000,0.0000,17,2026-06-01T05:36:20
940,dqn,random,1,1.2000,0.1000,37,2026-06-01T05:36:22
941,random,dqn,2,0.3000,1.2000,36,2026-06-01T05:36:25
942,dqn,heuristic,2,0.0000,1.1000,8,2026-06-01T05:36:27
943,random,dqn,1,1.4000,0.4000,37,2026-06-01T05:36:29
944,dqn,heuristic,2,0.0000,1.1000,16,2026-06-01T05:36:31
945,random,dqn,1,1.3000,0.1000,35,2026-06-01T05:36:33
946,dqn,random,1,1.1000,0.1000,25,2026-06-01T05:36:35
947,random,dqn,1,1.1000,0.0000,19,2026-06-01T05:36:37
948,dqn,random,2,0.3000,1.2000,46,2026-06-01T05:36:40
949,random,dqn,2,0.0000,1.4000,34,2026-06-01T05:36:42
950,dqn,heuristic,2,0.0000,1.1000,8,2026-06-01T05:36:44
951,heuristic,dqn,1,1.1000,0.0000,7,2026-06-01T05:36:46
952,dqn,heuristic,2,0.0000,1.1000,8,2026-06-01T05:36:48
953,heuristic,dqn,1,1.1000,0.0000,7,2026-06-01T05:36:50
954,dqn,random,2,0.2000,1.1000,34,2026-06-01T05:36:52
955,heuristic,dqn,1,1.1000,0.0000,7,2026-06-01T05:36:54
956,dqn,random,1,1.2000,0.1000,39,2026-06-01T05:36:56
957,heuristic,dqn,1,1.1000,0.0000,7,2026-06-01T05:36:58
958,dqn,random,2,0.0000,1.1000,32,2026-06-01T05:37:00
959,heuristic,dqn,1,1.1000,0.0000,7,2026-06-01T05:37:02
960,dqn,random,2,0.5000,1.1000,34,2026-06-01T05:37:05
961,random,dqn,2,0.2000,1.1000,30,2026-06-01T05:37:07
962,dqn,heuristic,2,0.0000,1.1000,8,2026-06-01T05:37:09
963,random,dqn,2,0.2000,1.3000,44,2026-06-01T05:37:11
964,dqn,heuristic,2,0.0000,1.1000,8,2026-06-01T05:37:13
965,random,dqn,1,1.2000,0.0000,27,2026-06-01T05:37:15
966,dqn,random,2,0.0000,1.0000,26,2026-06-01T05:37:17
967,random,dqn,1,1.1000,0.0000,23,2026-06-01T05:37:19
968,dqn,heuristic,2,0.0000,1.1000,8,2026-06-01T05:37:21
969,heuristic,dqn,1,1.1000,0.0000,7,2026-06-01T05:37:23
970,dqn,heuristic,2,0.0000,1.1000,8,2026-06-01T05:37:25
971,heuristic,dqn,1,1.1000,0.0000,7,2026-06-01T05:37:27
972,dqn,random,2,0.0000,1.1000,24,2026-06-01T05:37:29
973,heuristic,dqn,1,1.1000,0.0000,7,2026-06-01T05:37:31
974,dqn,heuristic,2,0.1000,1.2000,14,2026-06-01T05:37:32
975,heuristic,dqn,1,1.1000,0.0000,7,2026-06-01T05:37:34
976,dqn,heuristic,2,0.0000,1.1000,8,2026-06-01T05:37:36
977,random,dqn,1,1.1000,0.1000,35,2026-06-01T05:37:38
978,dqn,heuristic,2,0.0000,1.1000,8,2026-06-01T05:37:40
979,random,dqn,2,0.6000,1.5000,48,2026-06-01T05:37:43
980,dqn,random,2,0.3000,1.7000,40,2026-06-01T05:37:45
981,random,dqn,2,0.0000,1.1000,20,2026-06-01T05:37:47
982,dqn,random,1,1.3000,0.2000,39,2026-06-01T05:37:49
983,random,dqn,2,0.0000,1.0000,24,2026-06-01T05:37:51
984,dqn,random,1,1.0000,0.1000,27,2026-06-01T05:37:53
985,random,dqn,2,0.1000,1.2000,38,2026-06-01T05:37:55
986,dqn,random,1,1.2000,0.1000,33,2026-06-01T05:37:57
987,random,dqn,2,0.1000,1.2000,36,2026-06-01T05:37:59
988,dqn,random,1,1.1000,0.0000,35,2026-06-01T05:38:01
989,random,dqn,1,1.0000,0.2000,31,2026-06-01T05:38:04
990,dqn,random,2,0.0000,1.0000,20,2026-06-01T05:38:06
991,random,dqn,2,0.1000,1.3000,40,2026-06-01T05:38:08
992,dqn,heuristic,2,0.1000,1.1000,22,2026-06-01T05:38:10
993,heuristic,dqn,1,1.1000,0.0000,7,2026-06-01T05:38:12
994,dqn,random,1,1.1000,0.0000,33,2026-06-01T05:38:14
995,heuristic,dqn,1,1.1000,0.0000,7,2026-06-01T05:38:17
996,dqn,random,1,1.4000,0.5000,39,2026-06-01T05:38:19
997,random,dqn,1,1.1000,0.1000,23,2026-06-01T05:38:21
998,dqn,random,1,1.0000,0.0000,33,2026-06-01T05:38:22
999,random,dqn,1,1.1000,0.0000,25,2026-06-01T05:38:25
1000,dqn,random,1,1.2000,0.1000,29,2026-06-01T05:38:28
1001,random,dqn,2,0.1000,1.1000,32,2026-06-01T05:45:15
1002,dqn,heuristic,2,0.0000,1.1000,8,2026-06-01T05:45:17
1003,random,dqn,1,1.1000,0.0000,7,2026-06-01T05:45:18
1004,dqn,random,2,0.1000,1.3000,42,2026-06-01T05:45:20
1005,random,dqn,2,0.1000,1.1000,24,2026-06-01T05:45:22
1006,dqn,heuristic,2,0.0000,1.1000,8,2026-06-01T05:45:24
1007,heuristic,dqn,1,1.1000,0.0000,7,2026-06-01T05:45:26
1008,dqn,random,1,1.4000,0.2000,37,2026-06-01T05:45:28
1009,random,dqn,1,1.2000,0.2000,39,2026-06-01T05:45:30
1010,dqn,random,2,0.5000,1.3000,44,2026-06-01T05:45:33
1011,random,dqn,1,1.8000,0.6000,43,2026-06-01T05:45:35
1012,dqn,random,2,0.4000,1.3000,38,2026-06-01T05:45:38
1013,heuristic,dqn,1,1.1000,0.0000,7,2026-06-01T05:45:40
1014,dqn,heuristic,2,0.0000,1.1000,8,2026-06-01T05:45:41
1015,random,dqn,2,0.0000,1.0000,16,2026-06-01T05:45:43
1016,dqn,random,1,1.2000,0.1000,33,2026-06-01T05:45:45
1017,random,dqn,1,1.6000,0.3000,37,2026-06-01T05:45:47
1018,dqn,random,2,0.2000,1.1000,26,2026-06-01T05:45:50
1019,random,dqn,1,1.2000,0.1000,35,2026-06-01T05:45:52
1020,dqn,heuristic,2,0.0000,1.1000,8,2026-06-01T05:45:54
1021,random,dqn,1,1.2000,0.0000,17,2026-06-01T05:45:55
1022,dqn,random,2,0.3000,1.1000,34,2026-06-01T05:45:58
1023,random,dqn,1,1.2000,0.0000,25,2026-06-01T05:46:00
1024,dqn,heuristic,2,0.0000,1.1000,8,2026-06-01T05:46:01
1025,heuristic,dqn,1,1.1000,0.0000,7,2026-06-01T05:46:03
1026,dqn,random,1,1.0000,0.1000,17,2026-06-01T05:46:05
1027,random,dqn,1,1.5000,0.4000,47,2026-06-01T05:46:07
1028,dqn,heuristic,2,0.1000,1.2000,16,2026-06-01T05:46:09
1029,random,dqn,1,1.0000,0.0000,23,2026-06-01T05:46:11
1030,dqn,random,2,0.2000,1.0000,26,2026-06-01T05:46:12
1031,heuristic,dqn,1,1.1000,0.0000,7,2026-06-01T05:46:15
1032,dqn,random,2,0.0000,1.0000,26,2026-06-01T05:46:17
1033,random,dqn,1,1.1000,0.3000,27,2026-06-01T05:46:19
1034,dqn,random,2,0.3000,1.2000,30,2026-06-01T05:46:21
1035,random,dqn,1,1.2000,0.0000,31,2026-06-01T05:46:23
1036,dqn,random,2,0.2000,1.0000,42,2026-06-01T05:46:26
1037,random,dqn,2,0.1000,1.0000,22,2026-06-01T05:46:28
1038,dqn,random,1,1.1000,0.1000,33,2026-06-01T05:46:30
1039,heuristic,dqn,1,1.1000,0.0000,7,2026-06-01T05:46:32
1040,dqn,random,2,0.1000,1.0000,28,2026-06-01T05:46:34
1041,random,dqn,2,0.2000,1.0000,30,2026-06-01T05:46:36
1042,dqn,random,1,1.2000,0.0000,39,2026-06-01T05:46:38
1043,random,dqn,1,1.2000,0.2000,47,2026-06-01T05:46:41
1044,dqn,random,1,1.1000,0.0000,25,2026-06-01T05:46:43
1045,random,dqn,1,1.1000,0.0000,31,2026-06-01T05:46:45
1046,dqn,random,1,1.1000,0.1000,29,2026-06-01T05:46:47
1047,random,dqn,2,0.0000,1.0000,10,2026-06-01T05:46:49
1048,dqn,random,2,0.6000,1.4000,42,2026-06-01T05:46:51
1049,random,dqn,1,1.3000,0.2000,31,2026-06-01T05:46:53
1050,dqn,random,2,0.5000,1.5000,36,2026-06-01T05:46:55
1051,random,dqn,2,0.1000,1.1000,20,2026-06-01T05:46:57
1052,dqn,random,1,1.6000,0.1000,41,2026-06-01T05:46:59
1053,heuristic,dqn,1,1.1000,0.0000,7,2026-06-01T05:47:01
1054,dqn,random,1,1.0000,0.0000,27,2026-06-01T05:47:03
1055,random,dqn,1,1.2000,0.2000,33,2026-06-01T05:47:06
1056,dqn,heuristic,2,0.0000,1.1000,8,2026-06-01T05:47:07
1057,random,dqn,1,1.1000,0.1000,19,2026-06-01T05:47:09
1058,dqn,heuristic,2,0.0000,1.1000,8,2026-06-01T05:47:11
1059,random,dqn,1,1.2000,0.2000,35,2026-06-01T05:47:13
1060,dqn,random,1,1.2000,0.3000,43,2026-06-01T05:47:15
1061,random,dqn,2,0.1000,1.2000,26,2026-06-01T05:47:17
1062,dqn,random,1,1.0000,0.1000,31,2026-06-01T05:47:20
1063,random,dqn,2,0.0000,1.0000,20,2026-06-01T05:47:21
1064,dqn,random,2,0.0000,1.4000,46,2026-06-01T05:47:23
1065,random,dqn,2,0.1000,1.1000,30,2026-06-01T05:47:25
1066,dqn,random,1,1.2000,0.2000,33,2026-06-01T05:47:28
1067,random,dqn,1,1.1000,0.0000,19,2026-06-01T05:47:30
1068,dqn,random,1,1.0000,0.0000,19,2026-06-01T05:47:32
1069,heuristic,dqn,1,1.1000,0.0000,7,2026-06-01T05:47:34
1070,dqn,random,2,0.0000,1.4000,32,2026-06-01T05:47:36
1071,heuristic,dqn,1,1.1000,0.0000,7,2026-06-01T05:47:37
1072,dqn,random,1,1.4000,0.1000,35,2026-06-01T05:47:39
1073,random,dqn,1,1.4000,0.1000,35,2026-06-01T05:47:42
1074,dqn,random,2,0.2000,1.2000,40,2026-06-01T05:47:45
1075,random,dqn,2,0.0000,1.0000,18,2026-06-01T05:47:47
1076,dqn,random,2,0.3000,1.4000,42,2026-06-01T05:47:49
1077,random,dqn,1,1.2000,0.0000,29,2026-06-01T05:47:51
1078,dqn,random,1,1.4000,0.5000,37,2026-06-01T05:47:53
1079,random,dqn,1,1.4000,0.6000,49,2026-06-01T05:47:55
1080,dqn,random,1,1.0000,0.1000,31,2026-06-01T05:47:58
1081,heuristic,dqn,1,1.1000,0.0000,7,2026-06-01T05:47:59
1082,dqn,random,1,1.0000,0.0000,21,2026-06-01T05:48:01
1083,random,dqn,1,1.1000,0.2000,29,2026-06-01T05:48:03
1084,dqn,random,1,1.4000,0.1000,41,2026-06-01T05:48:05
1085,heuristic,dqn,1,1.1000,0.0000,7,2026-06-01T05:48:07
1086,dqn,random,1,1.2000,0.1000,37,2026-06-01T05:48:09
1087,random,dqn,1,1.0000,0.0000,21,2026-06-01T05:48:11
1088,dqn,random,1,1.2000,0.1000,41,2026-06-01T05:48:14
1089,random,dqn,1,1.6000,0.3000,41,2026-06-01T05:48:16
1090,dqn,heuristic,2,0.0000,1.1000,8,2026-06-01T05:48:17
1091,heuristic,dqn,1,1.1000,0.0000,7,2026-06-01T05:48:19
1092,dqn,random,1,1.2000,0.0000,37,2026-06-01T05:48:21
1093,random,dqn,2,0.0000,1.1000,16,2026-06-01T05:48:23
1094,dqn,random,2,0.6000,1.1000,44,2026-06-01T05:48:25
1095,random,dqn,2,0.0000,1.1000,16,2026-06-01T05:48:27
1096,dqn,heuristic,2,0.0000,1.1000,8,2026-06-01T05:48:29
1097,random,dqn,1,1.0000,0.0000,37,2026-06-01T05:48:31
1098,dqn,heuristic,2,0.0000,1.1000,8,2026-06-01T05:48:33
1099,random,dqn,2,0.1000,1.2000,22,2026-06-01T05:48:35
1100,dqn,random,1,1.4000,0.3000,39,2026-06-01T05:48:37
1101,heuristic,dqn,1,1.1000,0.0000,7,2026-06-01T05:55:41
1102,dqn,heuristic,2,0.0000,1.1000,8,2026-06-01T05:55:43
1103,random,dqn,1,1.1000,0.1000,27,2026-06-01T05:55:45
1104,dqn,random,1,1.2000,0.1000,35,2026-06-01T05:55:47
1105,random,dqn,2,0.1000,1.2000,30,2026-06-01T05:55:49
1106,dqn,random,1,1.1000,0.1000,17,2026-06-01T05:55:51
1107,random,dqn,2,0.1000,1.2000,30,2026-06-01T05:55:53
1108,dqn,heuristic,2,0.0000,1.1000,8,2026-06-01T05:55:55
1109,random,dqn,2,0.2000,1.3000,32,2026-06-01T05:55:57
1110,dqn,random,2,0.6000,1.2000,42,2026-06-01T05:55:59
1111,random,dqn,2,0.1000,1.1000,34,2026-06-01T05:56:01
1112,dqn,heuristic,2,0.0000,1.1000,8,2026-06-01T05:56:03
1113,random,dqn,1,1.1000,0.0000,19,2026-06-01T05:56:05
1114,dqn,random,2,0.0000,1.1000,24,2026-06-01T05:56:07
1115,random,dqn,2,0.1000,1.0000,26,2026-06-01T05:56:09
1116,dqn,random,1,1.1000,0.3000,27,2026-06-01T05:56:11
1117,random,dqn,1,1.3000,0.0000,33,2026-06-01T05:56:13
1118,dqn,random,2,0.3000,1.3000,40,2026-06-01T05:56:15
1119,heuristic,dqn,1,1.1000,0.0000,7,2026-06-01T05:56:17
1120,dqn,random,1,1.6000,0.4000,49,2026-06-01T05:56:19
1121,heuristic,dqn,1,1.1000,0.0000,7,2026-06-01T05:56:21
1122,dqn,random,2,0.1000,1.0000,32,2026-06-01T05:56:23
1123,heuristic,dqn,1,1.1000,0.0000,7,2026-06-01T05:56:25
1124,dqn,random,2,0.2000,1.1000,34,2026-06-01T05:56:28
1125,random,dqn,1,1.2000,0.1000,41,2026-06-01T05:56:30
1126,dqn,random,1,1.1000,0.0000,23,2026-06-01T05:56:31
1127,random,dqn,1,1.6000,0.1000,29,2026-06-01T05:56:33
1128,dqn,random,1,1.3000,0.1000,33,2026-06-01T05:56:36
1129,random,dqn,1,1.1000,0.0000,11,2026-06-01T05:56:38
1130,dqn,heuristic,2,0.0000,1.1000,8,2026-06-01T05:56:39
1131,random,dqn,2,0.0000,1.1000,28,2026-06-01T05:56:41
1132,dqn,random,1,1.5000,0.3000,39,2026-06-01T05:56:43
1133,random,dqn,1,1.2000,0.2000,35,2026-06-01T05:56:45
1134,dqn,random,2,0.1000,1.2000,40,2026-06-01T05:56:47
1135,random,dqn,2,0.2000,1.3000,40,2026-06-01T05:56:49
1136,dqn,random,2,0.1000,1.2000,42,2026-06-01T05:56:52
1137,random,dqn,1,1.3000,0.1000,31,2026-06-01T05:56:53
1138,dqn,random,2,0.3000,1.4000,34,2026-06-01T05:56:56
1139,heuristic,dqn,1,1.1000,0.0000,7,2026-06-01T05:56:58
1140,dqn,heuristic,2,0.1000,1.1000,8,2026-06-01T05:56:59
1141,random,dqn,2,0.0000,1.1000,22,2026-06-01T05:57:01
1142,dqn,random,2,0.1000,1.3000,36,2026-06-01T05:57:03
1143,heuristic,dqn,1,1.1000,0.0000,7,2026-06-01T05:57:05
1144,dqn,heuristic,2,0.0000,1.1000,8,2026-06-01T05:57:07
1145,heuristic,dqn,1,1.1000,0.0000,7,2026-06-01T05:57:09
1146,dqn,random,2,0.2000,1.2000,36,2026-06-01T05:57:11
1147,random,dqn,2,0.2000,1.2000,34,2026-06-01T05:57:13
1148,dqn,heuristic,2,0.0000,1.1000,8,2026-06-01T05:57:15
1149,random,dqn,2,0.1000,1.0000,26,2026-06-01T05:57:17
1150,dqn,random,1,1.5000,0.2000,43,2026-06-01T05:57:19
1151,random,dqn,1,1.0000,0.0000,23,2026-06-01T05:57:21
1152,dqn,random,2,0.0000,1.3000,26,2026-06-01T05:57:23
1153,random,dqn,2,0.0000,1.3000,30,2026-06-01T05:57:25
1154,dqn,random,2,0.1000,1.4000,38,2026-06-01T05:57:27
1155,random,dqn,1,1.3000,0.3000,41,2026-06-01T05:57:29
1156,dqn,random,1,1.3000,0.1000,39,2026-06-01T05:57:31
1157,heuristic,dqn,1,1.1000,0.0000,15,2026-06-01T05:57:33
1158,dqn,heuristic,2,0.0000,1.1000,8,2026-06-01T05:57:35
1159,random,dqn,2,0.1000,1.0000,18,2026-06-01T05:57:37
1160,dqn,random,1,1.1000,0.1000,21,2026-06-01T05:57:39
1161,heuristic,dqn,1,1.1000,0.0000,7,2026-06-01T05:57:41
1162,dqn,heuristic,2,0.0000,1.0000,8,2026-06-01T05:57:42
1163,random,dqn,2,0.0000,1.1000,36,2026-06-01T05:57:44
1164,dqn,random,2,0.1000,1.2000,30,2026-06-01T05:57:46
1165,heuristic,dqn,1,1.1000,0.0000,7,2026-06-01T05:57:48
1166,dqn,random,1,1.1000,0.0000,27,2026-06-01T05:57:50
1167,random,dqn,1,1.2000,0.2000,39,2026-06-01T05:57:52
1168,dqn,random,2,0.1000,1.0000,16,2026-06-01T05:57:54
1169,random,dqn,2,0.2000,1.1000,30,2026-06-01T05:57:56
1170,dqn,random,1,1.1000,0.2000,29,2026-06-01T05:57:58
1171,heuristic,dqn,1,1.1000,0.0000,7,2026-06-01T05:58:00
1172,dqn,random,1,1.3000,0.3000,51,2026-06-01T05:58:02
1173,random,dqn,2,0.1000,1.0000,34,2026-06-01T05:58:04
1174,dqn,random,1,1.2000,0.4000,47,2026-06-01T05:58:06
1175,random,dqn,1,1.2000,0.4000,39,2026-06-01T05:58:08
1176,dqn,random,1,1.2000,0.2000,31,2026-06-01T05:58:10
1177,heuristic,dqn,1,1.1000,0.0000,7,2026-06-01T05:58:11
1178,dqn,random,2,0.2000,1.1000,26,2026-06-01T05:58:13
1179,random,dqn,1,1.0000,0.0000,21,2026-06-01T05:58:15
1180,dqn,heuristic,2,0.0000,1.1000,10,2026-06-01T05:58:17
1181,random,dqn,2,0.0000,1.0000,24,2026-06-01T05:58:19
1182,dqn,heuristic,2,0.0000,1.1000,8,2026-06-01T05:58:21
1183,random,dqn,2,0.1000,1.1000,18,2026-06-01T05:58:23
1184,dqn,random,2,0.1000,1.1000,32,2026-06-01T05:58:24
1185,heuristic,dqn,1,1.1000,0.0000,7,2026-06-01T05:58:27
1186,dqn,heuristic,2,0.0000,1.1000,20,2026-06-01T05:58:29
1187,random,dqn,1,1.1000,0.0000,21,2026-06-01T05:58:30
1188,dqn,random,2,0.0000,1.2000,28,2026-06-01T05:58:32
1189,random,dqn,1,1.0000,0.0000,13,2026-06-01T05:58:34
1190,dqn,random,1,1.3000,0.1000,37,2026-06-01T05:58:36
1191,random,dqn,2,0.3000,1.2000,40,2026-06-01T05:58:38
1192,dqn,random,1,1.3000,0.4000,39,2026-06-01T05:58:40
1193,random,dqn,2,0.2000,1.0000,30,2026-06-01T05:58:42
1194,dqn,random,2,0.1000,1.2000,36,2026-06-01T05:58:44
1195,random,dqn,2,0.1000,1.0000,20,2026-06-01T05:58:46
1196,dqn,random,1,1.0000,0.2000,35,2026-06-01T05:58:48
1197,random,dqn,1,1.1000,0.1000,33,2026-06-01T05:58:50
1198,dqn,random,1,1.1000,0.2000,33,2026-06-01T05:58:52
1199,random,dqn,1,1.4000,0.2000,41,2026-06-01T05:58:54
1200,dqn,random,1,1.0000,0.0000,21,2026-06-01T05:58:56
1201,random,dqn,1,1.2000,0.2000,35,2026-06-01T06:05:33
1202,dqn,heuristic,2,0.0000,1.1000,8,2026-06-01T06:05:37
1203,random,dqn,1,1.5000,0.2000,43,2026-06-01T06:05:40
1204,dqn,random,1,1.0000,0.1000,25,2026-06-01T06:05:43
1205,random,dqn,1,1.4000,0.3000,49,2026-06-01T06:05:46
1206,dqn,random,2,0.2000,1.4000,34,2026-06-01T06:05:49
1207,heuristic,dqn,1,1.1000,0.0000,7,2026-06-01T06:05:52
1208,dqn,random,2,0.6000,1.3000,38,2026-06-01T06:05:55
1209,random,dqn,2,0.2000,1.1000,24,2026-06-01T06:05:58
1210,dqn,random,1,1.5000,0.3000,43,2026-06-01T06:06:02
1211,heuristic,dqn,1,1.1000,0.0000,7,2026-06-01T06:06:05
1212,dqn,random,2,0.0000,1.0000,16,2026-06-01T06:06:08
1213,heuristic,dqn,1,1.0000,0.2000,21,2026-06-01T06:06:11
1214,dqn,random,2,0.0000,1.1000,30,2026-06-01T06:06:14
1215,random,dqn,2,0.0000,1.3000,32,2026-06-01T06:06:17
1216,dqn,heuristic,2,0.0000,1.1000,8,2026-06-01T06:06:20
1217,heuristic,dqn,1,1.1000,0.0000,7,2026-06-01T06:06:23
1218,dqn,random,2,0.0000,1.2000,22,2026-06-01T06:06:25
1219,random,dqn,2,0.0000,1.1000,28,2026-06-01T06:06:29
1220,dqn,random,2,0.1000,1.1000,34,2026-06-01T06:06:32
1221,heuristic,dqn,1,1.1000,0.0000,7,2026-06-01T06:06:36
1222,dqn,random,1,1.4000,0.0000,31,2026-06-01T06:06:39
1223,random,dqn,1,1.2000,0.1000,33,2026-06-01T06:06:44
1224,dqn,random,1,1.1000,0.1000,31,2026-06-01T06:06:47
1225,random,dqn,2,0.0000,1.1000,32,2026-06-01T06:06:51
1226,dqn,heuristic,2,0.3000,1.2000,34,2026-06-01T06:06:56
1227,random,dqn,2,0.0000,1.4000,34,2026-06-01T06:06:59
1228,dqn,heuristic,2,0.0000,1.1000,8,2026-06-01T06:07:03
1229,heuristic,dqn,1,1.1000,0.0000,7,2026-06-01T06:07:06
1230,dqn,random,1,1.1000,0.2000,37,2026-06-01T06:07:10
1231,heuristic,dqn,1,1.1000,0.0000,7,2026-06-01T06:07:14
1232,dqn,heuristic,2,0.0000,1.1000,8,2026-06-01T06:07:18
1233,heuristic,dqn,1,1.1000,0.0000,7,2026-06-01T06:07:21
1234,dqn,heuristic,2,0.0000,1.1000,8,2026-06-01T06:07:25
1235,random,dqn,2,0.0000,1.0000,24,2026-06-01T06:07:29
1236,dqn,random,1,1.1000,0.1000,27,2026-06-01T06:07:33
1237,random,dqn,2,0.0000,1.1000,22,2026-06-01T06:07:36
1238,dqn,random,2,0.0000,1.0000,18,2026-06-01T06:07:40
1239,random,dqn,1,1.2000,0.3000,39,2026-06-01T06:07:44
1240,dqn,random,1,1.1000,0.0000,27,2026-06-01T06:07:47
1241,random,dqn,1,1.0000,0.1000,29,2026-06-01T06:07:50
1242,dqn,heuristic,2,0.0000,1.1000,8,2026-06-01T06:07:53
1243,random,dqn,2,0.0000,1.2000,22,2026-06-01T06:07:56
1244,dqn,random,1,1.1000,0.1000,27,2026-06-01T06:07:59
1245,random,dqn,2,0.0000,1.0000,12,2026-06-01T06:08:02
1246,dqn,random,2,0.0000,1.1000,20,2026-06-01T06:08:04
1247,random,dqn,2,0.4000,1.6000,42,2026-06-01T06:08:08
1248,dqn,heuristic,2,0.0000,1.1000,8,2026-06-01T06:08:11
1249,heuristic,dqn,1,1.1000,0.0000,7,2026-06-01T06:08:14
1250,dqn,random,1,1.2000,0.0000,33,2026-06-01T06:08:17
1251,random,dqn,2,0.0000,1.0000,32,2026-06-01T06:08:20
1252,dqn,heuristic,2,0.0000,1.1000,8,2026-06-01T06:08:23
1253,heuristic,dqn,1,1.1000,0.0000,7,2026-06-01T06:08:26
1254,dqn,random,1,1.0000,0.1000,21,2026-06-01T06:08:29
1255,random,dqn,2,0.0000,1.1000,12,2026-06-01T06:08:33
1256,dqn,random,1,1.2000,0.0000,41,2026-06-01T06:08:36
1257,random,dqn,2,0.1000,1.1000,32,2026-06-01T06:08:39
1258,dqn,random,2,0.3000,1.0000,40,2026-06-01T06:08:43
1259,random,dqn,2,0.3000,1.3000,46,2026-06-01T06:08:48
1260,dqn,random,2,0.1000,1.1000,22,2026-06-01T06:08:52
1261,heuristic,dqn,1,1.1000,0.0000,7,2026-06-01T06:08:55
1262,dqn,random,1,1.1000,0.1000,29,2026-06-01T06:08:58
1263,random,dqn,1,1.1000,0.0000,23,2026-06-01T06:09:01
1264,dqn,random,1,1.0000,0.2000,33,2026-06-01T06:09:04
1265,random,dqn,2,0.0000,1.2000,34,2026-06-01T06:09:08
1266,dqn,random,1,1.2000,0.0000,23,2026-06-01T06:09:12
1267,random,dqn,1,1.3000,0.3000,47,2026-06-01T06:09:16
1268,dqn,heuristic,2,0.0000,1.1000,8,2026-06-01T06:09:19
1269,random,dqn,2,0.0000,1.1000,16,2026-06-01T06:09:22
1270,dqn,random,1,1.1000,0.3000,37,2026-06-01T06:09:26
1271,random,dqn,1,1.5000,0.4000,43,2026-06-01T06:09:30
1272,dqn,random,2,0.1000,1.1000,22,2026-06-01T06:09:34
1273,random,dqn,1,1.1000,0.0000,27,2026-06-01T06:09:37
1274,dqn,random,1,1.5000,0.0000,39,2026-06-01T06:09:41
1275,random,dqn,2,0.3000,1.1000,36,2026-06-01T06:09:44
1276,dqn,heuristic,2,0.0000,1.1000,8,2026-06-01T06:09:48
1277,random,dqn,1,1.1000,0.3000,39,2026-06-01T06:09:52
1278,dqn,random,1,1.3000,0.5000,47,2026-06-01T06:09:55
1279,random,dqn,1,1.1000,0.1000,27,2026-06-01T06:09:59
1280,dqn,random,1,1.2000,0.3000,41,2026-06-01T06:10:03
1281,random,dqn,2,0.2000,1.4000,36,2026-06-01T06:10:07
1282,dqn,heuristic,2,0.0000,1.1000,8,2026-06-01T06:10:11
1283,random,dqn,2,0.0000,1.1000,20,2026-06-01T06:10:16
1284,dqn,random,1,1.2000,0.1000,33,2026-06-01T06:10:19
1285,random,dqn,1,1.2000,0.3000,31,2026-06-01T06:10:24
1286,dqn,random,1,1.1000,0.0000,15,2026-06-01T06:10:27
1287,random,dqn,1,1.2000,0.3000,29,2026-06-01T06:10:31
1288,dqn,random,2,0.2000,1.3000,30,2026-06-01T06:10:35
1289,random,dqn,1,1.2000,0.1000,21,2026-06-01T06:10:39
1290,dqn,heuristic,2,0.0000,1.1000,8,2026-06-01T06:10:43
1291,random,dqn,1,1.1000,0.1000,21,2026-06-01T06:10:48
1292,dqn,heuristic,2,0.0000,1.1000,8,2026-06-01T06:10:51
1293,random,dqn,2,0.0000,1.1000,28,2026-06-01T06:10:54
1294,dqn,random,1,1.3000,0.0000,25,2026-06-01T06:10:57
1295,random,dqn,2,0.3000,1.4000,46,2026-06-01T06:11:00
1296,dqn,random,1,1.4000,0.1000,25,2026-06-01T06:11:02
1297,heuristic,dqn,1,1.1000,0.0000,7,2026-06-01T06:11:05
1298,dqn,random,2,0.2000,1.4000,30,2026-06-01T06:11:07
1299,heuristic,dqn,1,1.1000,0.0000,7,2026-06-01T06:11:10
1300,dqn,heuristic,2,0.0000,1.1000,8,2026-06-01T06:11:12
1301,random,dqn,1,1.2000,0.2000,51,2026-06-01T06:17:36
1302,dqn,random,1,1.6000,0.2000,47,2026-06-01T06:17:39
1303,random,dqn,1,1.0000,0.0000,21,2026-06-01T06:17:42
1304,dqn,random,1,1.1000,0.1000,25,2026-06-01T06:17:45
1305,heuristic,dqn,1,1.1000,0.0000,7,2026-06-01T06:17:48
1306,dqn,random,2,0.0000,1.1000,32,2026-06-01T06:17:50
1307,heuristic,dqn,1,1.1000,0.0000,7,2026-06-01T06:17:53
1308,dqn,random,1,1.1000,0.0000,13,2026-06-01T06:17:55
1309,random,dqn,1,1.1000,0.3000,37,2026-06-01T06:17:58
1310,dqn,heuristic,2,0.0000,1.1000,8,2026-06-01T06:18:01
1311,heuristic,dqn,1,1.1000,0.0000,7,2026-06-01T06:18:03
1312,dqn,random,1,1.3000,0.3000,41,2026-06-01T06:18:06
1313,random,dqn,2,0.5000,1.1000,42,2026-06-01T06:18:09
1314,dqn,random,2,0.3000,1.4000,36,2026-06-01T06:18:12
1315,random,dqn,1,1.1000,0.1000,21,2026-06-01T06:18:15
1316,dqn,random,1,1.0000,0.0000,21,2026-06-01T06:18:18
1317,random,dqn,2,0.2000,1.2000,34,2026-06-01T06:18:21
1318,dqn,random,1,1.1000,0.2000,31,2026-06-01T06:18:24
1319,random,dqn,2,0.4000,1.3000,36,2026-06-01T06:18:26
1320,dqn,random,2,0.4000,1.2000,36,2026-06-01T06:18:29
1321,random,dqn,1,1.2000,0.3000,35,2026-06-01T06:18:32
1322,dqn,heuristic,2,0.0000,1.1000,8,2026-06-01T06:18:35
1323,random,dqn,2,0.0000,1.2000,30,2026-06-01T06:18:38
1324,dqn,heuristic,2,0.0000,1.1000,8,2026-06-01T06:18:41
1325,random,dqn,1,1.1000,0.2000,29,2026-06-01T06:18:44
1326,dqn,random,2,0.1000,1.3000,28,2026-06-01T06:18:47
1327,heuristic,dqn,1,1.1000,0.0000,7,2026-06-01T06:18:50
1328,dqn,heuristic,2,0.0000,1.1000,14,2026-06-01T06:18:52
1329,heuristic,dqn,1,1.1000,0.0000,7,2026-06-01T06:18:55
1330,dqn,random,1,1.3000,0.0000,27,2026-06-01T06:18:59
1331,random,dqn,2,0.4000,1.3000,40,2026-06-01T06:19:02
1332,dqn,random,2,0.2000,1.3000,42,2026-06-01T06:19:05
1333,random,dqn,1,1.1000,0.1000,37,2026-06-01T06:19:08
1334,dqn,heuristic,2,0.0000,1.1000,8,2026-06-01T06:19:11
1335,random,dqn,1,1.5000,0.8000,41,2026-06-01T06:19:14
1336,dqn,random,1,1.4000,0.1000,41,2026-06-01T06:19:17
1337,random,dqn,2,0.1000,1.3000,30,2026-06-01T06:19:20
1338,dqn,random,1,1.0000,0.0000,35,2026-06-01T06:19:24
1339,random,dqn,1,1.2000,0.0000,27,2026-06-01T06:19:27
1340,dqn,random,2,0.2000,1.4000,36,2026-06-01T06:19:29
1341,heuristic,dqn,1,1.0000,0.0000,19,2026-06-01T06:19:32
1342,dqn,heuristic,2,0.0000,1.1000,8,2026-06-01T06:19:35
1343,random,dqn,2,0.0000,1.4000,32,2026-06-01T06:19:37
1344,dqn,random,1,1.5000,0.6000,43,2026-06-01T06:19:41
1345,random,dqn,1,1.2000,0.2000,33,2026-06-01T06:19:44
1346,dqn,random,1,1.2000,0.6000,43,2026-06-01T06:19:47
1347,heuristic,dqn,1,1.1000,0.0000,7,2026-06-01T06:19:50
1348,dqn,heuristic,2,0.0000,1.1000,8,2026-06-01T06:19:53
1349,random,dqn,2,0.0000,1.0000,16,2026-06-01T06:19:56
1350,dqn,random,1,1.4000,0.5000,47,2026-06-01T06:19:58
1351,random,dqn,2,0.3000,1.2000,32,2026-06-01T06:20:01
1352,dqn,random,1,1.3000,0.1000,29,2026-06-01T06:20:04
1353,random,dqn,1,1.2000,0.2000,35,2026-06-01T06:20:07
1354,dqn,heuristic,2,0.0000,1.0000,26,2026-06-01T06:20:10
1355,random,dqn,1,1.1000,0.2000,35,2026-06-01T06:20:13
1356,dqn,heuristic,2,0.0000,1.1000,8,2026-06-01T06:20:16
1357,random,dqn,2,0.1000,1.1000,44,2026-06-01T06:20:19
1358,dqn,random,1,1.1000,0.0000,31,2026-06-01T06:20:23
1359,random,dqn,1,1.0000,0.0000,25,2026-06-01T06:20:25
1360,dqn,heuristic,2,0.2000,1.2000,12,2026-06-01T06:20:28
1361,heuristic,dqn,1,1.1000,0.0000,7,2026-06-01T06:20:31
1362,dqn,heuristic,2,0.0000,1.1000,8,2026-06-01T06:20:34
1363,random,dqn,1,1.6000,0.1000,33,2026-06-01T06:20:37
1364,dqn,random,1,1.2000,0.1000,31,2026-06-01T06:20:41
1365,random,dqn,1,1.4000,0.2000,45,2026-06-01T06:20:45
1366,dqn,random,1,1.0000,0.1000,35,2026-06-01T06:20:49
1367,heuristic,dqn,1,1.1000,0.0000,7,2026-06-01T06:20:51
1368,dqn,heuristic,2,0.0000,1.1000,8,2026-06-01T06:20:54
1369,random,dqn,2,0.1000,1.1000,22,2026-06-01T06:20:56
1370,dqn,random,2,0.3000,1.1000,38,2026-06-01T06:20:59
1371,random,dqn,2,0.6000,1.7000,50,2026-06-01T06:21:03
1372,dqn,heuristic,2,0.0000,1.1000,8,2026-06-01T06:21:07
1373,random,dqn,2,0.3000,1.2000,44,2026-06-01T06:21:10
1374,dqn,random,2,0.2000,1.0000,36,2026-06-01T06:21:13
1375,heuristic,dqn,1,1.2000,0.1000,15,2026-06-01T06:21:16
1376,dqn,random,2,0.2000,1.1000,28,2026-06-01T06:21:19
1377,heuristic,dqn,1,1.1000,0.0000,7,2026-06-01T06:21:23
1378,dqn,random,1,1.0000,0.0000,21,2026-06-01T06:21:26
1379,random,dqn,2,0.0000,1.2000,28,2026-06-01T06:21:28
1380,dqn,random,1,1.0000,0.0000,21,2026-06-01T06:21:31
1381,random,dqn,2,0.0000,1.4000,30,2026-06-01T06:21:34
1382,dqn,random,2,0.1000,1.0000,36,2026-06-01T06:21:37
1383,heuristic,dqn,1,1.1000,0.0000,7,2026-06-01T06:21:40
1384,dqn,random,1,1.3000,0.1000,39,2026-06-01T06:21:43
1385,random,dqn,1,1.1000,0.2000,29,2026-06-01T06:21:46
1386,dqn,random,1,1.1000,0.1000,31,2026-06-01T06:21:50
1387,random,dqn,1,1.0000,0.0000,33,2026-06-01T06:21:54
1388,dqn,heuristic,2,0.0000,1.1000,8,2026-06-01T06:21:57
1389,random,dqn,2,0.1000,1.3000,34,2026-06-01T06:22:00
1390,dqn,random,1,1.0000,0.1000,27,2026-06-01T06:22:03
1391,random,dqn,2,0.1000,1.2000,16,2026-06-01T06:22:05
1392,dqn,random,1,1.2000,0.3000,43,2026-06-01T06:22:08
1393,random,dqn,1,1.0000,0.1000,23,2026-06-01T06:22:13
1394,dqn,random,2,0.2000,1.1000,34,2026-06-01T06:22:16
1395,random,dqn,1,1.2000,0.0000,25,2026-06-01T06:22:18
1396,dqn,random,1,1.1000,0.0000,27,2026-06-01T06:22:20
1397,random,dqn,1,1.3000,0.1000,33,2026-06-01T06:22:22
1398,dqn,random,1,1.1000,0.0000,33,2026-06-01T06:22:24
1399,random,dqn,2,0.1000,1.1000,30,2026-06-01T06:22:26
1400,dqn,random,2,0.3000,1.3000,40,2026-06-01T06:22:29
1401,random,dqn,1,1.5000,0.4000,51,2026-06-01T06:29:34
1402,dqn,random,2,0.3000,1.3000,30,2026-06-01T06:29:38
1403,random,dqn,1,1.1000,0.1000,29,2026-06-01T06:29:42
1404,dqn,heuristic,2,0.0000,1.1000,8,2026-06-01T06:29:45
1405,random,dqn,1,1.1000,0.1000,25,2026-06-01T06:29:48
1406,dqn,random,2,0.0000,1.2000,28,2026-06-01T06:29:51
1407,heuristic,dqn,1,1.1000,0.0000,7,2026-06-01T06:29:54
1408,dqn,random,2,0.1000,1.1000,32,2026-06-01T06:29:57
1409,heuristic,dqn,1,1.1000,0.0000,7,2026-06-01T06:30:00
1410,dqn,heuristic,2,0.0000,1.1000,8,2026-06-01T06:30:03
1411,random,dqn,1,1.1000,0.1000,37,2026-06-01T06:30:06
1412,dqn,random,2,0.5000,1.0000,32,2026-06-01T06:30:10
1413,heuristic,dqn,1,1.1000,0.0000,7,2026-06-01T06:30:13
1414,dqn,random,1,1.3000,0.1000,27,2026-06-01T06:30:16
1415,heuristic,dqn,1,1.1000,0.0000,7,2026-06-01T06:30:19
1416,dqn,random,1,1.2000,0.1000,35,2026-06-01T06:30:23
1417,heuristic,dqn,1,1.1000,0.0000,7,2026-06-01T06:30:26
1418,dqn,heuristic,2,0.0000,1.1000,8,2026-06-01T06:30:29
1419,heuristic,dqn,1,1.1000,0.0000,7,2026-06-01T06:30:31
1420,dqn,random,1,1.1000,0.1000,21,2026-06-01T06:30:35
1421,heuristic,dqn,1,1.1000,0.0000,7,2026-06-01T06:30:38
1422,dqn,random,1,1.2000,0.3000,29,2026-06-01T06:30:41
1423,random,dqn,1,1.0000,0.0000,11,2026-06-01T06:30:45
1424,dqn,heuristic,2,0.0000,1.1000,8,2026-06-01T06:30:48
1425,random,dqn,1,1.4000,0.4000,45,2026-06-01T06:30:51
1426,dqn,random,1,1.2000,0.1000,33,2026-06-01T06:30:55
1427,random,dqn,2,0.0000,1.0000,26,2026-06-01T06:30:59
1428,dqn,random,1,1.3000,0.0000,23,2026-06-01T06:31:02
1429,heuristic,dqn,1,1.1000,0.0000,7,2026-06-01T06:31:05
1430,dqn,random,1,1.0000,0.1000,21,2026-06-01T06:31:08
1431,random,dqn,1,1.6000,0.3000,39,2026-06-01T06:31:12
1432,dqn,random,1,1.2000,0.1000,43,2026-06-01T06:31:16
1433,random,dqn,2,0.2000,1.2000,36,2026-06-01T06:31:21
1434,dqn,random,1,1.3000,0.0000,25,2026-06-01T06:31:24
1435,random,dqn,2,0.2000,1.2000,30,2026-06-01T06:31:28
1436,dqn,random,1,1.2000,0.2000,29,2026-06-01T06:31:31
1437,random,dqn,1,1.1000,0.0000,27,2026-06-01T06:31:35
1438,dqn,random,1,1.4000,0.2000,39,2026-06-01T06:31:39
1439,heuristic,dqn,1,1.1000,0.0000,7,2026-06-01T06:31:43
1440,dqn,heuristic,2,0.0000,1.1000,8,2026-06-01T06:31:47
1441,heuristic,dqn,1,1.1000,0.0000,7,2026-06-01T06:31:50
1442,dqn,random,1,1.2000,0.1000,23,2026-06-01T06:31:53
1443,random,dqn,1,1.1000,0.3000,31,2026-06-01T06:31:56
1444,dqn,heuristic,2,0.1000,1.2000,28,2026-06-01T06:32:00
1445,heuristic,dqn,1,1.1000,0.0000,7,2026-06-01T06:32:04
1446,dqn,random,1,1.2000,0.1000,29,2026-06-01T06:32:07
1447,random,dqn,1,1.2000,0.0000,39,2026-06-01T06:32:10
1448,dqn,random,2,0.2000,1.1000,36,2026-06-01T06:32:13
1449,random,dqn,2,0.2000,1.0000,38,2026-06-01T06:32:17
1450,dqn,heuristic,2,0.0000,1.1000,8,2026-06-01T06:32:19
1451,random,dqn,1,1.0000,0.0000,17,2026-06-01T06:32:22
1452,dqn,heuristic,2,0.0000,1.1000,8,2026-06-01T06:32:25
1453,random,dqn,1,1.1000,0.0000,19,2026-06-01T06:32:29
1454,dqn,random,1,1.2000,0.0000,27,2026-06-01T06:32:32
1455,random,dqn,1,1.0000,0.0000,15,2026-06-01T06:32:36
1456,dqn,heuristic,2,0.0000,1.1000,12,2026-06-01T06:32:39
1457,heuristic,dqn,1,1.1000,0.0000,7,2026-06-01T06:32:41
1458,dqn,heuristic,2,0.1000,1.2000,20,2026-06-01T06:32:44
1459,heuristic,dqn,1,1.1000,0.0000,7,2026-06-01T06:32:47
1460,dqn,random,1,1.1000,0.2000,27,2026-06-01T06:32:50
1461,heuristic,dqn,1,1.1000,0.0000,7,2026-06-01T06:32:54
1462,dqn,random,1,1.5000,0.1000,29,2026-06-01T06:32:57
1463,random,dqn,2,0.0000,1.0000,14,2026-06-01T06:33:00
1464,dqn,random,1,1.1000,0.0000,19,2026-06-01T06:33:03
1465,random,dqn,1,1.2000,0.0000,35,2026-06-01T06:33:06
1466,dqn,random,1,1.0000,0.1000,35,2026-06-01T06:33:10
1467,heuristic,dqn,1,1.1000,0.0000,7,2026-06-01T06:33:13
1468,dqn,random,1,1.3000,0.0000,35,2026-06-01T06:33:16
1469,heuristic,dqn,1,1.1000,0.0000,7,2026-06-01T06:33:19
1470,dqn,heuristic,2,0.0000,1.1000,8,2026-06-01T06:33:22
1471,heuristic,dqn,1,1.1000,0.0000,7,2026-06-01T06:33:25
1472,dqn,random,1,1.1000,0.1000,29,2026-06-01T06:33:28
1473,random,dqn,2,0.7000,1.6000,48,2026-06-01T06:33:32
1474,dqn,heuristic,2,0.0000,1.1000,8,2026-06-01T06:33:35
1475,random,dqn,2,0.5000,1.1000,34,2026-06-01T06:33:38
1476,dqn,heuristic,2,0.0000,1.1000,8,2026-06-01T06:33:41
1477,random,dqn,1,1.1000,0.0000,27,2026-06-01T06:33:44
1478,dqn,random,1,1.1000,0.1000,31,2026-06-01T06:33:47
1479,random,dqn,2,0.1000,1.1000,30,2026-06-01T06:33:51
1480,dqn,random,1,1.1000,0.0000,19,2026-06-01T06:33:54
1481,random,dqn,2,0.2000,1.3000,40,2026-06-01T06:33:59
1482,dqn,random,1,1.1000,0.0000,23,2026-06-01T06:34:02
1483,random,dqn,2,0.1000,1.0000,26,2026-06-01T06:34:05
1484,dqn,random,1,1.2000,0.0000,25,2026-06-01T06:34:08
1485,random,dqn,2,0.0000,1.0000,24,2026-06-01T06:34:11
1486,dqn,heuristic,2,0.0000,1.1000,8,2026-06-01T06:34:14
1487,heuristic,dqn,1,1.1000,0.0000,7,2026-06-01T06:34:17
1488,dqn,random,1,1.3000,0.0000,23,2026-06-01T06:34:20
1489,random,dqn,2,0.2000,1.2000,30,2026-06-01T06:34:23
1490,dqn,heuristic,2,0.0000,1.1000,8,2026-06-01T06:34:26
1491,heuristic,dqn,1,1.1000,0.0000,7,2026-06-01T06:34:29
1492,dqn,random,2,0.0000,1.0000,12,2026-06-01T06:34:32
1493,random,dqn,2,0.0000,1.3000,30,2026-06-01T06:34:34
1494,dqn,heuristic,2,0.0000,1.1000,8,2026-06-01T06:34:37
1495,random,dqn,2,0.3000,1.4000,40,2026-06-01T06:34:40
1496,dqn,random,1,1.0000,0.0000,23,2026-06-01T06:34:43
1497,random,dqn,1,1.4000,0.3000,47,2026-06-01T06:34:47
1498,dqn,random,1,1.2000,0.2000,31,2026-06-01T06:34:50
1499,random,dqn,1,1.0000,0.0000,15,2026-06-01T06:34:52
1500,dqn,random,2,0.0000,1.2000,28,2026-06-01T06:34:55
